import time: self [us] | cumulative | imported package
import time:       508 |        508 |   _io
import time:       128 |        128 |   marshal
import time:      1158 |       1158 |   posix
import time:      2150 |       3943 | _frozen_importlib_external
import time:       216 |        216 |   time
import time:       396 |        612 | zipimport
import time:       376 |        376 |     _codecs
import time:       841 |       1216 |   codecs
import time:       744 |        744 |   encodings.aliases
import time:      1048 |       3007 | encodings
import time:       363 |        363 | encodings.utf_8
import time:       161 |        161 | _signal
import time:        66 |         66 |     _abc
import time:       409 |        475 |   abc
import time:       407 |        881 | io
import time:        92 |         92 |       _stat
import time:       512 |        603 |     stat
import time:      2148 |       2148 |     _collections_abc
import time:       303 |        303 |       genericpath
import time:       507 |        810 |     posixpath
import time:      1542 |       5102 |   os
import time:       361 |        361 |   _sitebuiltins
import time:       522 |        522 |     __future__
import time:       516 |        516 |         warnings
import time:       314 |        829 |       importlib
import time:       333 |       1162 |     importlib.machinery
import time:       202 |        202 |       importlib._abc
import time:       224 |        224 |           itertools
import time:       204 |        204 |           keyword
import time:       137 |        137 |             _operator
import time:       421 |        557 |           operator
import time:       355 |        355 |           reprlib
import time:      2427 |       2427 |           _collections
import time:      1486 |       5250 |         collections
import time:       415 |        415 |           types
import time:       268 |        268 |           _functools
import time:       962 |       1644 |         functools
import time:       821 |       7714 |       contextlib
import time:       389 |       8304 |     importlib.util
import time:      1353 |       1353 |           enum
import time:       100 |        100 |             _sre
import time:       379 |        379 |               sre_constants
import time:       450 |        829 |             sre_parse
import time:       376 |       1304 |           sre_compile
import time:       129 |        129 |           _locale
import time:       211 |        211 |           copyreg
import time:       803 |       3798 |         re
import time:       204 |       4002 |       fnmatch
import time:        81 |         81 |         _winapi
import time:        43 |         43 |         nt
import time:        36 |         36 |         nt
import time:        34 |         34 |         nt
import time:        33 |         33 |         nt
import time:       315 |        540 |       ntpath
import time:        70 |         70 |       errno
import time:       131 |        131 |         urllib
import time:      1528 |       1659 |       urllib.parse
import time:      1121 |       7391 |     pathlib
import time:      1434 |      18809 |   __editable___bmcs_matmod_0_1_0_finder
import time:       380 |        380 |   __editable___bmcs_matmod_aiida_0_1_0_finder
import time:       164 |        164 |   __editable___bmcs_utils_0_1_0_finder
import time:       276 |        276 |   _distutils_hack
import time:       380 |        380 |   sitecustomize
import time:        95 |         95 |   usercustomize
import time:      2986 |      28549 | site
import time:       118 |        118 |     bmcs_utils.version
import time:       109 |        109 |     collections.abc
import time:       142 |        367 |   bmcs_utils
import time:       153 |        153 |           IPython.core
import time:       164 |        317 |         IPython.core.getipython
import time:        90 |         90 |         IPython.core.release
import time:       297 |        297 |           atexit
import time:       212 |        212 |               _weakrefset
import time:       486 |        697 |             weakref
import time:       161 |        161 |                 org
import time:        14 |        174 |               org.python
import time:        15 |        189 |             org.python.core
import time:       291 |       1176 |           copy
import time:       564 |        564 |                   token
import time:      1427 |       1991 |                 tokenize
import time:       190 |       2180 |               linecache
import time:       645 |       2824 |             traceback
import time:       114 |        114 |               _string
import time:      1360 |       1473 |             string
import time:       935 |        935 |             threading
import time:      2232 |       7464 |           logging
import time:       632 |        632 |             zlib
import time:       205 |        205 |               _compression
import time:       329 |        329 |               _bz2
import time:       281 |        814 |             bz2
import time:       352 |        352 |               _lzma
import time:       402 |        753 |             lzma
import time:       890 |       3088 |           shutil
import time:       896 |        896 |                       _ast
import time:      3355 |       4250 |                     ast
import time:       251 |        251 |                         _opcode
import time:       310 |        561 |                       opcode
import time:       636 |       1196 |                     dis
import time:      1512 |       6958 |                   inspect
import time:      1896 |       1896 |                   typing
import time:       192 |        192 |                     traitlets.utils
import time:       359 |        551 |                   traitlets.utils.bunch
import time:        74 |         74 |                   traitlets.utils.descriptions
import time:        73 |         73 |                   traitlets.utils.getargspec
import time:        76 |         76 |                   traitlets.utils.importstring
import time:        90 |         90 |                   traitlets.utils.sentinel
import time:      3707 |      13421 |                 traitlets.traitlets
import time:       575 |        575 |                 traitlets._version
import time:       209 |        209 |                 traitlets.utils.decorators
import time:       373 |      14576 |               traitlets
import time:       675 |        675 |                       _json
import time:       514 |       1188 |                     json.scanner
import time:       492 |       1680 |                   json.decoder
import time:       467 |        467 |                   json.encoder
import time:       334 |       2480 |                 json
import time:       696 |        696 |                   dataclasses
import time:       841 |       1536 |                 pprint
import time:       862 |        862 |                       _socket
import time:       497 |        497 |                         math
import time:       290 |        290 |                         select
import time:       838 |       1624 |                       selectors
import time:       343 |        343 |                       array
import time:      1910 |       4737 |                     socket
import time:       258 |        258 |                         _struct
import time:       124 |        381 |                       struct
import time:       476 |        476 |                       _compat_pickle
import time:       294 |        294 |                       _pickle
import time:       238 |        238 |                           org
import time:        13 |        251 |                         org.python
import time:        11 |        261 |                       org.python.core
import time:       987 |       2397 |                     pickle
import time:       153 |        153 |                         _heapq
import time:       179 |        331 |                       heapq
import time:       143 |        143 |                       _queue
import time:       265 |        739 |                     queue
import time:       979 |       8851 |                   logging.handlers
import time:       642 |        642 |                   socketserver
import time:      1415 |      10907 |                 logging.config
import time:       852 |        852 |                 textwrap
import time:       171 |        171 |                   traitlets.utils.text
import time:       878 |        878 |                       gettext
import time:       822 |       1700 |                     argparse
import time:      3196 |       4895 |                   traitlets.config.loader
import time:       554 |       5619 |                 traitlets.config.configurable
import time:       108 |        108 |                 traitlets.utils.nested_update
import time:      1211 |      22710 |               traitlets.config.application
import time:       165 |      37451 |             traitlets.config
import time:        24 |      37474 |           traitlets.config.application
import time:       444 |        444 |                 pkgutil
import time:       675 |        675 |                     signal
import time:       270 |        270 |                     fcntl
import time:       196 |        196 |                     msvcrt
import time:       184 |        184 |                     _posixsubprocess
import time:       559 |       1882 |                   subprocess
import time:      1910 |       3792 |                 platform
import time:       648 |        648 |                 sysconfig
import time:      1220 |       1220 |                 _sysconfigdata__linux_x86_64-linux-gnu
import time:      2654 |       8755 |               pydoc
import time:      1331 |       1331 |                     html.entities
import time:       621 |       1952 |                   html
import time:      1244 |       1244 |                     executing.executing
import time:        96 |         96 |                     executing.version
import time:       510 |       1849 |                   executing
import time:       345 |        345 |                           _bisect
import time:       114 |        458 |                         bisect
import time:       306 |        763 |                       asttokens.line_numbers
import time:       996 |        996 |                         six
import time:        56 |         56 |                         six.moves
import time:       534 |        534 |                         asttokens.util
import time:       373 |       1956 |                       asttokens.asttokens
import time:       149 |       2867 |                     asttokens
import time:        11 |       2878 |                   asttokens.util
import time:       402 |        402 |                             _datetime
import time:       789 |       1190 |                           datetime
import time:       398 |        398 |                               numbers
import time:       695 |       1092 |                             _decimal
import time:       131 |       1223 |                           decimal
import time:       867 |        867 |                           fractions
import time:       266 |       3543 |                         pure_eval.utils
import time:       255 |       3798 |                       pure_eval.my_getattr_static
import time:       531 |       4328 |                     pure_eval.core
import time:       105 |        105 |                     pure_eval.version
import time:       168 |       4601 |                   pure_eval
import time:       343 |        343 |                   stack_data.utils
import time:      1668 |      13289 |                 stack_data.core
import time:       296 |        296 |                 stack_data.formatting
import time:       259 |        259 |                 stack_data.serializing
import time:        65 |         65 |                 stack_data.version
import time:       372 |      14280 |               stack_data
import time:       153 |        153 |                   pygments
import time:       153 |        153 |                   pygments.formatters._mapping
import time:        74 |         74 |                   pygments.plugin
import time:      2733 |       2733 |                   pygments.util
import time:       310 |       3421 |                 pygments.formatters
import time:       116 |        116 |                   pygments.styles
import time:       126 |        241 |                 pygments.formatter
import time:        99 |         99 |                 pygments.console
import time:       312 |        312 |                   pygments.token
import time:       252 |        564 |                 pygments.style
import time:       256 |       4580 |               pygments.formatters.terminal256
import time:       103 |        103 |                 IPython.utils
import time:       272 |        272 |                     IPython.utils.ipstruct
import time:       190 |        461 |                   IPython.utils.coloransi
import time:       303 |        303 |                   IPython.utils.colorable
import time:       394 |       1158 |                 IPython.utils.PyColorize
import time:      1290 |       1290 |                     locale
import time:       128 |       1418 |                   IPython.utils.encoding
import time:       190 |       1607 |                 IPython.utils.py3compat
import time:       160 |        160 |                 IPython.core.excolors
import time:       282 |        282 |                   cmd
import time:       599 |        599 |                   bdb
import time:       177 |        177 |                     codeop
import time:       208 |        385 |                   code
import time:       361 |        361 |                   glob
import time:      1007 |       2632 |                 pdb
import time:       504 |       6161 |               IPython.core.debugger
import time:       321 |        321 |               IPython.core.display_trap
import time:       552 |        552 |                   _random
import time:       236 |        236 |                   _sha512
import time:       677 |       1464 |                 random
import time:       195 |        195 |                       pexpect.exceptions
import time:       154 |        154 |                       pexpect.utils
import time:       170 |        170 |                       pexpect.expect
import time:       468 |        468 |                             termios
import time:       408 |        875 |                           tty
import time:       169 |       1044 |                         pty
import time:       287 |        287 |                             resource
import time:       147 |        147 |                             ptyprocess.util
import time:       461 |        893 |                           ptyprocess.ptyprocess
import time:       164 |       1057 |                         ptyprocess
import time:       262 |        262 |                         pexpect.spawnbase
import time:       358 |       2719 |                       pexpect.pty_spawn
import time:       108 |        108 |                       pexpect.run
import time:       224 |       3566 |                     pexpect
import time:       277 |        277 |                       shlex
import time:       148 |        424 |                     IPython.utils._process_common
import time:       164 |       4153 |                   IPython.utils._process_posix
import time:       142 |       4295 |                 IPython.utils.process
import time:       420 |       6179 |               IPython.utils.path
import time:       186 |        186 |               IPython.utils.terminal
import time:      1790 |      42249 |             IPython.core.ultratb
import time:       104 |        104 |               IPython.utils._sysinfo
import time:       181 |        284 |             IPython.utils.sysinfo
import time:       218 |      42749 |           IPython.core.crashhandler
import time:       392 |        392 |               tempfile
import time:        84 |         84 |               IPython.utils.importstring
import time:       148 |        623 |             IPython.paths
import time:       426 |       1049 |           IPython.core.profiledir
import time:      1107 |      94401 |         IPython.core.application
import time:       112 |        112 |           IPython.terminal
import time:      1206 |       1206 |               _hashlib
import time:       193 |        193 |               _blake2
import time:       269 |       1667 |             hashlib
import time:       227 |       1894 |           IPython.core.compilerop
import time:       144 |        144 |             IPython.core.error
import time:        90 |         90 |               IPython.utils.docs
import time:       167 |        256 |             IPython.utils.decorators
import time:       606 |        606 |             IPython.utils.text
import time:       577 |       1581 |           IPython.core.magic_arguments
import time:       186 |        186 |             getopt
import time:       293 |        293 |                     binascii
import time:       172 |        465 |                   IPython.core.display_functions
import time:       242 |        242 |                       _winapi
import time:        97 |         97 |                       winreg
import time:       448 |        786 |                     mimetypes
import time:       112 |        112 |                       IPython.testing
import time:       106 |        218 |                     IPython.testing.skipdoctest
import time:       605 |       1607 |                   IPython.core.display
import time:        98 |         98 |                     IPython.lib
import time:       397 |        494 |                   IPython.lib.display
import time:       117 |       2682 |                 IPython.display
import time:        87 |         87 |                 IPython.utils.data
import time:       302 |       3070 |               IPython.core.page
import time:       704 |        704 |               IPython.lib.pretty
import time:       297 |        297 |               IPython.utils.openpy
import time:        88 |         88 |               IPython.utils.dir2
import time:       135 |        135 |               IPython.utils.wildcard
import time:      3351 |       3351 |                 pygments.lexers._mapping
import time:       390 |        390 |                 pygments.modeline
import time:       255 |       3996 |               pygments.lexers
import time:       136 |        136 |                   pygments.filter
import time:       506 |        506 |                   pygments.filters
import time:       205 |        205 |                   pygments.regexopt
import time:       769 |       1615 |                 pygments.lexer
import time:       294 |        294 |                 pygments.unistring
import time:      1104 |       3013 |               pygments.lexers.python
import time:       194 |        194 |                 ctags
import time:       725 |        919 |               pygments.formatters.html
import time:       702 |      12918 |             IPython.core.oinspect
import time:      1562 |       1562 |             IPython.core.inputtransformer2
import time:      1043 |      15708 |           IPython.core.magic
import time:       479 |        479 |             runpy
import time:       188 |        188 |               cPickle
import time:       350 |        538 |             pickleshare
import time:       149 |        149 |             IPython.core.hooks
import time:       168 |        168 |               IPython.core.autocall
import time:       352 |        352 |               IPython.core.macro
import time:       434 |        434 |               IPython.core.splitinput
import time:      1758 |       2710 |             IPython.core.prefilter
import time:       649 |        649 |             IPython.core.alias
import time:       357 |        357 |             IPython.core.builtin_trap
import time:       440 |        440 |             IPython.core.displayhook
import time:       286 |        286 |             IPython.core.displaypub
import time:       315 |        315 |                 backcall.backcall
import time:       210 |        524 |               backcall
import time:       468 |        992 |             IPython.core.events
import time:       473 |        473 |             IPython.core.extensions
import time:       873 |        873 |               decorator
import time:       138 |        138 |               IPython.utils.sentinel
import time:      2089 |       3099 |             IPython.core.formatters
import time:      1749 |       1749 |                   _sqlite3
import time:       500 |       2248 |                 sqlite3.dbapi2
import time:       168 |       2416 |               sqlite3
import time:      2075 |       4490 |             IPython.core.history
import time:       269 |        269 |             IPython.core.logger
import time:       203 |        203 |             IPython.core.payload
import time:       149 |        149 |             IPython.core.usage
import time:       188 |        188 |               IPython.utils.capture
import time:       293 |        481 |             IPython.utils.io
import time:       122 |        122 |             IPython.utils.strdispatch
import time:       105 |        105 |             IPython.utils.syspathcontext
import time:       259 |        259 |               docrepr
import time:        14 |        272 |             docrepr.sphinxify
import time:        99 |         99 |                     concurrent
import time:       526 |        526 |                     concurrent.futures._base
import time:       141 |        765 |                   concurrent.futures
import time:      5448 |       5448 |                     _ssl
import time:      1691 |       1691 |                     base64
import time:      4058 |      11196 |                   ssl
import time:       543 |        543 |                   asyncio.constants
import time:       157 |        157 |                       asyncio.format_helpers
import time:       211 |        368 |                     asyncio.base_futures
import time:       154 |        154 |                     asyncio.log
import time:       437 |        958 |                   asyncio.coroutines
import time:       239 |        239 |                       _contextvars
import time:       141 |        379 |                     contextvars
import time:       200 |        200 |                       asyncio.exceptions
import time:       128 |        128 |                       asyncio.base_tasks
import time:       446 |        774 |                     _asyncio
import time:       763 |       1915 |                   asyncio.events
import time:       254 |        254 |                   asyncio.futures
import time:       183 |        183 |                   asyncio.protocols
import time:       350 |        350 |                     asyncio.transports
import time:       365 |        715 |                   asyncio.sslproto
import time:        99 |         99 |                       asyncio.mixins
import time:       387 |        387 |                       asyncio.tasks
import time:       276 |        761 |                     asyncio.locks
import time:       489 |       1250 |                   asyncio.staggered
import time:       209 |        209 |                   asyncio.trsock
import time:      1208 |      19189 |                 asyncio.base_events
import time:       111 |        111 |                 asyncio.runners
import time:       230 |        230 |                 asyncio.queues
import time:       322 |        322 |                 asyncio.streams
import time:       192 |        192 |                 asyncio.subprocess
import time:        82 |         82 |                 asyncio.threads
import time:       198 |        198 |                   asyncio.base_subprocess
import time:       453 |        453 |                   asyncio.selector_events
import time:       805 |       1455 |                 asyncio.unix_events
import time:       252 |      21829 |               asyncio
import time:       193 |      22022 |             IPython.core.async_helpers
import time:      3282 |      41555 |           IPython.core.interactiveshell
import time:       723 |        723 |                       prompt_toolkit.application.current
import time:       231 |        231 |                             prompt_toolkit.eventloop.utils
import time:       289 |        520 |                           prompt_toolkit.eventloop.async_generator
import time:       366 |        366 |                           prompt_toolkit.eventloop.inputhook
import time:       132 |       1017 |                         prompt_toolkit.eventloop
import time:       226 |       1243 |                       prompt_toolkit.application.run_in_terminal
import time:       545 |        545 |                               prompt_toolkit.selection
import time:       334 |        878 |                             prompt_toolkit.clipboard.base
import time:       160 |        160 |                             prompt_toolkit.clipboard.in_memory
import time:       138 |       1175 |                           prompt_toolkit.clipboard
import time:       371 |        371 |                               prompt_toolkit.cache
import time:       188 |        188 |                               prompt_toolkit.enums
import time:       443 |        443 |                               prompt_toolkit.filters.base
import time:       416 |       1416 |                             prompt_toolkit.filters.app
import time:       151 |        151 |                             prompt_toolkit.filters.cli
import time:        99 |         99 |                             prompt_toolkit.filters.utils
import time:       169 |       1834 |                           prompt_toolkit.filters
import time:      1402 |       4410 |                         prompt_toolkit.document
import time:       314 |       4723 |                       prompt_toolkit.auto_suggest
import time:      3270 |       3270 |                                             prompt_toolkit.keys
import time:       771 |       4040 |                                           prompt_toolkit.key_binding.key_bindings
import time:       213 |        213 |                                                   wcwidth.table_wide
import time:       175 |        175 |                                                   wcwidth.table_zero
import time:       100 |        100 |                                                   wcwidth.unicode_versions
import time:       260 |        747 |                                                 wcwidth.wcwidth
import time:       125 |        871 |                                               wcwidth
import time:       556 |       1426 |                                             prompt_toolkit.utils
import time:       369 |       1795 |                                           prompt_toolkit.key_binding.key_processor
import time:       100 |       5934 |                                         prompt_toolkit.key_binding
import time:       289 |       6223 |                                       prompt_toolkit.key_binding.vi_state
import time:       381 |       6603 |                                     prompt_toolkit.cursor_shapes
import time:       366 |        366 |                                     prompt_toolkit.data_structures
import time:       503 |        503 |                                       prompt_toolkit.styles.base
import time:       169 |        169 |                                         prompt_toolkit.styles.named_colors
import time:       650 |        650 |                                         prompt_toolkit.styles.style
import time:       343 |       1162 |                                       prompt_toolkit.styles.defaults
import time:       216 |        216 |                                       prompt_toolkit.styles.pygments
import time:       131 |        131 |                                         colorsys
import time:       461 |        591 |                                       prompt_toolkit.styles.style_transformation
import time:       170 |       2640 |                                     prompt_toolkit.styles
import time:       301 |        301 |                                     prompt_toolkit.output.color_depth
import time:       417 |      10324 |                                   prompt_toolkit.output.base
import time:       109 |        109 |                                       prompt_toolkit.output.flush_stdout
import time:       196 |        304 |                                     prompt_toolkit.output.plain_text
import time:       155 |        459 |                                   prompt_toolkit.output.defaults
import time:        96 |      10878 |                                 prompt_toolkit.output
import time:       607 |      11485 |                               prompt_toolkit.output.vt100
import time:       309 |        309 |                                 prompt_toolkit.mouse_events
import time:       319 |        628 |                               prompt_toolkit.formatted_text.base
import time:       411 |      12524 |                             prompt_toolkit.formatted_text.ansi
import time:       115 |        115 |                                   xml
import time:       258 |        258 |                                   xml.dom.domreg
import time:      2451 |       2823 |                                 xml.dom
import time:       182 |        182 |                                 xml.dom.minicompat
import time:       101 |        101 |                                   xml.dom.NodeFilter
import time:       448 |        548 |                                 xml.dom.xmlbuilder
import time:       973 |       4524 |                               xml.dom.minidom
import time:       234 |       4758 |                             prompt_toolkit.formatted_text.html
import time:       397 |        397 |                             prompt_toolkit.formatted_text.pygments
import time:       202 |        202 |                             prompt_toolkit.formatted_text.utils
import time:       169 |      18047 |                           prompt_toolkit.formatted_text
import time:       880 |      18927 |                         prompt_toolkit.completion.base
import time:       178 |        178 |                         prompt_toolkit.completion.deduplicate
import time:       310 |        310 |                         prompt_toolkit.completion.filesystem
import time:       239 |        239 |                           prompt_toolkit.completion.word_completer
import time:       762 |       1000 |                         prompt_toolkit.completion.fuzzy_completer
import time:       254 |        254 |                         prompt_toolkit.completion.nested
import time:       222 |      20890 |                       prompt_toolkit.completion
import time:       357 |        357 |                       prompt_toolkit.history
import time:       508 |        508 |                       prompt_toolkit.search
import time:       578 |        578 |                       prompt_toolkit.validation
import time:      1769 |      30787 |                     prompt_toolkit.buffer
import time:       425 |        425 |                         prompt_toolkit.input.base
import time:       149 |        149 |                         prompt_toolkit.input.defaults
import time:       245 |        818 |                       prompt_toolkit.input
import time:        26 |        844 |                     prompt_toolkit.input.base
import time:       129 |        129 |                     prompt_toolkit.input.typeahead
import time:        93 |         93 |                       prompt_toolkit.key_binding.bindings
import time:       142 |        142 |                       prompt_toolkit.key_binding.bindings.scroll
import time:       170 |        404 |                     prompt_toolkit.key_binding.bindings.page_navigation
import time:       276 |        276 |                                     prompt_toolkit.lexers.base
import time:       364 |        364 |                                     prompt_toolkit.lexers.pygments
import time:       122 |        761 |                                   prompt_toolkit.lexers
import time:       231 |        231 |                                     prompt_toolkit.layout.utils
import time:       799 |       1029 |                                   prompt_toolkit.layout.processors
import time:       933 |       2722 |                                 prompt_toolkit.layout.controls
import time:       218 |        218 |                                 prompt_toolkit.layout.dimension
import time:       281 |        281 |                                 prompt_toolkit.layout.margins
import time:       119 |        119 |                                 prompt_toolkit.layout.mouse_handlers
import time:      2215 |       2215 |                                 prompt_toolkit.layout.screen
import time:      1793 |       7345 |                               prompt_toolkit.layout.containers
import time:       377 |        377 |                               prompt_toolkit.layout.layout
import time:       588 |        588 |                               prompt_toolkit.layout.menus
import time:       284 |        284 |                               prompt_toolkit.layout.scrollable_pane
import time:       184 |       8776 |                             prompt_toolkit.layout
import time:        22 |       8797 |                           prompt_toolkit.layout.controls
import time:       195 |        195 |                           prompt_toolkit.key_binding.bindings.completion
import time:       807 |       9798 |                         prompt_toolkit.key_binding.bindings.named_commands
import time:       196 |       9993 |                       prompt_toolkit.key_binding.bindings.basic
import time:       111 |        111 |                       prompt_toolkit.key_binding.bindings.cpr
import time:       292 |        292 |                       prompt_toolkit.key_binding.bindings.emacs
import time:       359 |        359 |                       prompt_toolkit.key_binding.bindings.mouse
import time:       419 |        419 |                           prompt_toolkit.input.ansi_escape_sequences
import time:       870 |       1289 |                         prompt_toolkit.input.vt100_parser
import time:       505 |        505 |                         prompt_toolkit.key_binding.digraphs
import time:      1007 |       2800 |                       prompt_toolkit.key_binding.bindings.vi
import time:       136 |      13689 |                     prompt_toolkit.key_binding.defaults
import time:       119 |        119 |                     prompt_toolkit.key_binding.emacs_state
import time:       100 |        100 |                     prompt_toolkit.layout.dummy
import time:       702 |        702 |                     prompt_toolkit.renderer
import time:      1242 |      48013 |                   prompt_toolkit.application.application
import time:       201 |        201 |                   prompt_toolkit.application.dummy
import time:       266 |      48479 |                 prompt_toolkit.application
import time:       329 |        329 |                     prompt_toolkit.key_binding.bindings.focus
import time:       374 |        374 |                         prompt_toolkit.widgets.toolbars
import time:       883 |       1257 |                       prompt_toolkit.widgets.base
import time:       265 |        265 |                       prompt_toolkit.widgets.dialogs
import time:       410 |        410 |                       prompt_toolkit.widgets.menus
import time:       147 |       2078 |                     prompt_toolkit.widgets
import time:       519 |       2925 |                   prompt_toolkit.shortcuts.dialogs
import time:       539 |        539 |                       prompt_toolkit.shortcuts.progress_bar.formatters
import time:       865 |       1403 |                     prompt_toolkit.shortcuts.progress_bar.base
import time:       147 |       1549 |                   prompt_toolkit.shortcuts.progress_bar
import time:       130 |        130 |                     prompt_toolkit.key_binding.bindings.auto_suggest
import time:       100 |        100 |                     prompt_toolkit.key_binding.bindings.open_in_editor
import time:      1567 |       1796 |                   prompt_toolkit.shortcuts.prompt
import time:       226 |        226 |                   prompt_toolkit.shortcuts.utils
import time:       186 |       6680 |                 prompt_toolkit.shortcuts
import time:       208 |      55366 |               prompt_toolkit
import time:        83 |      55449 |             prompt_toolkit.auto_suggest
import time:       307 |        307 |             prompt_toolkit.patch_stdout
import time:       903 |        903 |                 unicodedata
import time:       630 |        630 |                   _uuid
import time:       771 |       1401 |                 uuid
import time:       724 |        724 |                 IPython.core.latex_symbols
import time:       206 |        206 |                 IPython.utils.generics
import time:       562 |        562 |                           parso.utils
import time:       461 |       1023 |                         parso.tree
import time:        84 |         84 |                                   parso.python
import time:       329 |        329 |                                   parso.python.token
import time:      1395 |       1807 |                                 parso.python.tokenize
import time:       242 |       2048 |                               parso.pgen2.grammar_parser
import time:      4658 |       6705 |                             parso.pgen2.generator
import time:       161 |       6866 |                           parso.pgen2
import time:        31 |       6897 |                         parso.pgen2.generator
import time:       429 |       8348 |                       parso.parser
import time:       134 |        134 |                         parso._compatibility
import time:      1081 |       1081 |                           difflib
import time:       508 |        508 |                               parso.python.prefix
import time:      1846 |       2354 |                             parso.python.tree
import time:       430 |       2784 |                           parso.python.parser
import time:       816 |       4680 |                         parso.python.diff
import time:       145 |        145 |                           gc
import time:       665 |        810 |                         parso.cache
import time:       274 |        274 |                           parso.normalizer
import time:      1156 |       1429 |                         parso.python.errors
import time:       439 |        439 |                         parso.python.pep8
import time:       173 |        173 |                         parso.file_io
import time:       885 |       8546 |                       parso.grammar
import time:       197 |      17089 |                     parso
import time:       326 |        326 |                     jedi.parser_utils
import time:       264 |        264 |                             colorama.ansi
import time:       277 |        277 |                               msvcrt
import time:       986 |        986 |                                   _ctypes
import time:       272 |        272 |                                   ctypes._endian
import time:       975 |       2232 |                                 ctypes
import time:       171 |       2402 |                               colorama.win32
import time:       227 |       2905 |                             colorama.winterm
import time:       725 |       3894 |                           colorama.ansitowin32
import time:       236 |       4130 |                         colorama.initialise
import time:       197 |       4326 |                       colorama
import time:       261 |       4587 |                     jedi.debug
import time:       192 |        192 |                     jedi.settings
import time:       195 |        195 |                     jedi.cache
import time:       209 |        209 |                     jedi.file_io
import time:       112 |        112 |                               jedi.inference.cache
import time:       152 |        152 |                                 jedi.inference.helpers
import time:       366 |        366 |                                 jedi.inference.utils
import time:       392 |        910 |                               jedi.inference.base_value
import time:       174 |       1195 |                             jedi.inference.sys_path
import time:       219 |        219 |                                     jedi.inference.recursion
import time:       339 |        557 |                                   jedi.inference.flow_analysis
import time:       232 |        232 |                                         jedi.common
import time:       232 |        463 |                                       jedi.inference.lazy_value
import time:       949 |       1412 |                                     jedi.inference.docstrings
import time:       255 |        255 |                                     jedi.plugins
import time:      1202 |       2869 |                                   jedi.inference.names
import time:       771 |       4196 |                                 jedi.inference.filters
import time:       140 |        140 |                                   jedi.inference.compiled.getattr_static
import time:      1126 |       1265 |                                 jedi.inference.compiled.access
import time:       260 |        260 |                                 jedi.inference.signature
import time:       693 |        693 |                                 jedi.inference.context
import time:       626 |       7038 |                               jedi.inference.compiled.value
import time:       191 |       7229 |                             jedi.inference.compiled
import time:       244 |        244 |                             jedi.inference.analysis
import time:       104 |        104 |                               jedi.inference.gradual
import time:       473 |        473 |                                     jedi.inference.value.module
import time:      3328 |       3328 |                                           jedi.inference.value.dynamic_arrays
import time:      1037 |       4364 |                                         jedi.inference.value.iterable
import time:       349 |       4713 |                                       jedi.inference.arguments
import time:        99 |         99 |                                         jedi.inference.parser_cache
import time:       224 |        224 |                                         jedi.inference.gradual.generics
import time:       682 |       1005 |                                       jedi.inference.value.function
import time:       528 |       6245 |                                     jedi.inference.value.klass
import time:       843 |        843 |                                     jedi.inference.value.instance
import time:       120 |       7679 |                                   jedi.inference.value
import time:        21 |       7699 |                                 jedi.inference.value.module
import time:       606 |        606 |                                   jedi.inference.gradual.base
import time:       215 |        215 |                                   jedi.inference.gradual.type_var
import time:       668 |       1488 |                                 jedi.inference.gradual.typing
import time:       264 |       9450 |                               jedi.inference.gradual.stub_value
import time:      1008 |      10561 |                             jedi.inference.gradual.typeshed
import time:       145 |        145 |                                 jedi._compatibility
import time:      1749 |       1749 |                                   zipfile
import time:       345 |       2093 |                                 jedi.inference.compiled.subprocess.functions
import time:       172 |        172 |                                 jedi.api.exceptions
import time:       681 |       3090 |                               jedi.inference.compiled.subprocess
import time:        16 |       3106 |                             jedi.inference.compiled.subprocess.functions
import time:       480 |      22813 |                           jedi.inference.imports
import time:       233 |        233 |                               jedi.inference.param
import time:       327 |        560 |                             jedi.inference.gradual.annotation
import time:       124 |        124 |                             jedi.inference.value.decorator
import time:       816 |       1499 |                           jedi.inference.syntax_tree
import time:       459 |      24769 |                         jedi.inference
import time:        23 |      24792 |                       jedi.inference.utils
import time:       173 |        173 |                         jedi.inference.gradual.conversion
import time:       378 |        550 |                       jedi.inference.compiled.mixed
import time:       141 |        141 |                         pydoc_data
import time:      1915 |       1915 |                         pydoc_data.topics
import time:       324 |       2379 |                       jedi.api.keywords
import time:       282 |        282 |                       jedi.api.completion_cache
import time:       845 |        845 |                       jedi.api.helpers
import time:       782 |      29627 |                     jedi.api.classes
import time:       250 |        250 |                     jedi.api.interpreter
import time:       134 |        134 |                       jedi.api.strings
import time:       136 |        136 |                       jedi.api.file_name
import time:       115 |        115 |                       jedi.inference.docstring_utils
import time:       718 |       1101 |                     jedi.api.completion
import time:       242 |        242 |                       filecmp
import time:       463 |        704 |                     jedi.api.environment
import time:       175 |        175 |                       jedi.inference.references
import time:       249 |        424 |                     jedi.api.project
import time:       108 |        108 |                     jedi.api.errors
import time:       284 |        284 |                     jedi.api.refactoring
import time:       381 |        381 |                     jedi.api.refactoring.extract
import time:        95 |         95 |                     jedi.inference.gradual.utils
import time:      1258 |      56825 |                   jedi.api
import time:       788 |        788 |                     jedi.plugins.stdlib
import time:        96 |         96 |                     jedi.plugins.flask
import time:       177 |        177 |                     jedi.plugins.pytest
import time:       384 |        384 |                     jedi.plugins.django
import time:       222 |       1664 |                   jedi.plugins.registry
import time:       256 |      58745 |                 jedi
import time:      4214 |      66189 |               IPython.core.completer
import time:       425 |        425 |               IPython.terminal.ptutils
import time:       542 |        542 |               IPython.terminal.shortcuts
import time:       354 |        354 |               concurrent.futures.thread
import time:       588 |      68096 |             IPython.terminal.debugger
import time:       192 |        192 |               IPython.lib.clipboard
import time:       364 |        556 |             IPython.terminal.magics
import time:       145 |        145 |             IPython.terminal.pt_inputhooks
import time:       319 |        319 |             IPython.terminal.prompts
import time:      2260 |     127129 |           IPython.terminal.interactiveshell
import time:       408 |        408 |               IPython.core.magics.auto
import time:      3461 |       3461 |               IPython.core.magics.basic
import time:       302 |        302 |                   email
import time:       914 |        914 |                     http
import time:     88462 |      88462 |                         email.errors
import time:       558 |        558 |                             email.quoprimime
import time:       257 |        257 |                             email.base64mime
import time:       405 |        405 |                                 quopri
import time:       228 |        633 |                               email.encoders
import time:       458 |       1090 |                             email.charset
import time:      1972 |       3877 |                           email.header
import time:      1251 |       1251 |                               calendar
import time:       496 |       1747 |                             email._parseaddr
import time:      1302 |       3049 |                           email.utils
import time:      1490 |       8414 |                         email._policybase
import time:      1238 |      98113 |                       email.feedparser
import time:       380 |      98492 |                     email.parser
import time:       794 |        794 |                       uu
import time:       832 |        832 |                       email._encoded_words
import time:       300 |        300 |                       email.iterators
import time:      1593 |       3518 |                     email.message
import time:      1886 |     104808 |                   http.client
import time:       375 |        375 |                     urllib.response
import time:       476 |        851 |                   urllib.error
import time:      5109 |     111069 |                 urllib.request
import time:       276 |        276 |                 IPython.utils.contexts
import time:      1564 |     112908 |               IPython.core.magics.code
import time:       571 |        571 |               IPython.core.magics.config
import time:      1306 |       1306 |               IPython.core.magics.display
import time:       507 |        507 |                   _lsprof
import time:       464 |        464 |                   profile
import time:       339 |       1309 |                 cProfile
import time:      2844 |       2844 |                 pstats
import time:       331 |        331 |                 timeit
import time:       133 |        133 |                 IPython.utils.module_paths
import time:       135 |        135 |                 IPython.utils.timing
import time:      2521 |       7271 |               IPython.core.magics.execution
import time:       456 |        456 |               IPython.core.magics.extension
import time:      2140 |       2140 |               IPython.core.magics.history
import time:       332 |        332 |               IPython.core.magics.logging
import time:       514 |        514 |               IPython.core.magics.namespace
import time:       968 |        968 |               IPython.core.magics.osm
import time:       273 |        273 |               IPython.core.magics.packaging
import time:       461 |        461 |                 IPython.core.pylabtools
import time:      1376 |       1836 |               IPython.core.magics.pylab
import time:      1316 |       1316 |               IPython.core.magics.script
import time:       567 |     134320 |             IPython.core.magics
import time:       696 |        696 |             IPython.core.shellapp
import time:       179 |        179 |               IPython.extensions
import time:       263 |        442 |             IPython.extensions.storemagic
import time:      1258 |     136715 |           IPython.terminal.ipapp
import time:      1413 |     326103 |         IPython.terminal.embed
import time:       170 |        170 |         IPython.utils.frame
import time:       289 |     421367 |       IPython
import time:       160 |        160 |       ipywidgets._version
import time:       331 |        331 |               ipykernel._version
import time:       271 |        271 |                   jupyter_client._version
import time:       144 |        144 |                             zmq.libzmq
import time:       178 |        178 |                               zmq.backend.select
import time:       675 |        675 |                                   zmq.error
import time:       537 |       1211 |                                 zmq.backend.cython.context
import time:       352 |        352 |                                   zmq.backend.cython.message
import time:       232 |        232 |                                   cPickle
import time:      2896 |       2896 |                                   zmq.constants
import time:       680 |       4159 |                                 zmq.backend.cython.socket
import time:      2889 |       8258 |                               zmq.backend.cython._device
import time:       443 |        443 |                               zmq.backend.cython._poll
import time:       187 |        187 |                               zmq.backend.cython._proxy_steerable
import time:       146 |        146 |                               zmq.backend.cython._version
import time:       150 |        150 |                               zmq.backend.cython.error
import time:       169 |        169 |                               zmq.backend.cython.utils
import time:       408 |       9935 |                             zmq.backend
import time:       260 |        260 |                                 zmq.sugar.attrsettr
import time:        91 |         91 |                                   zmq._typing
import time:        92 |         92 |                                   zmq.utils
import time:       184 |        184 |                                   zmq.utils.jsonapi
import time:       231 |        231 |                                   zmq.sugar.poll
import time:       923 |       1519 |                                 zmq.sugar.socket
import time:       514 |       2292 |                               zmq.sugar.context
import time:       152 |        152 |                               zmq.sugar.frame
import time:       217 |        217 |                               zmq.sugar.tracker
import time:       498 |        498 |                               zmq.sugar.version
import time:       102 |        102 |                               zmq.sugar.stopwatch
import time:       269 |       3529 |                             zmq.sugar
import time:       985 |      14591 |                           zmq
import time:       852 |        852 |                           zmq._future
import time:       440 |      15883 |                         zmq.asyncio
import time:       251 |        251 |                         jupyter_client.channelsabc
import time:       216 |        216 |                           hmac
import time:        89 |         89 |                           traitlets.log
import time:       144 |        144 |                                 tornado
import time:       518 |        518 |                                           tornado.speedups
import time:      1490 |       2007 |                                         tornado.util
import time:      4015 |       6022 |                                       tornado.escape
import time:      1860 |       1860 |                                         _curses
import time:       381 |       2241 |                                       curses
import time:       452 |       8714 |                                     tornado.log
import time:       578 |       9292 |                                   tornado.concurrent
import time:       726 |      10017 |                                 tornado.ioloop
import time:       162 |        162 |                                   tornado.platform
import time:       877 |        877 |                                   tornado.gen
import time:       794 |       1833 |                                 tornado.platform.asyncio
import time:       237 |      12230 |                               zmq.eventloop.ioloop
import time:       102 |      12331 |                             zmq.eventloop
import time:        15 |      12345 |                           zmq.eventloop.ioloop
import time:       332 |        332 |                             tornado.stack_context
import time:       634 |        965 |                           zmq.eventloop.zmqstream
import time:      1129 |       1129 |                           jupyter_client.adapter
import time:       162 |        162 |                                 dateutil._version
import time:       203 |        364 |                               dateutil
import time:       117 |        117 |                                 dateutil._common
import time:       270 |        270 |                                   dateutil.tz._common
import time:       169 |        169 |                                   dateutil.tz._factories
import time:        49 |         49 |                                     six.moves.winreg
import time:       302 |        350 |                                   dateutil.tz.win
import time:      1165 |       1953 |                                 dateutil.tz.tz
import time:      1810 |       3879 |                               dateutil.parser._parser
import time:       299 |        299 |                               dateutil.parser.isoparser
import time:       227 |       4768 |                             dateutil.parser
import time:       822 |        822 |                             _strptime
import time:       670 |       6258 |                           jupyter_client.jsonutil
import time:      1812 |      22812 |                         jupyter_client.session
import time:       560 |      39504 |                       jupyter_client.channels
import time:       235 |        235 |                         getpass
import time:       164 |        164 |                         jupyter_client.clientabc
import time:       165 |        165 |                               jupyter_core.version
import time:       161 |        325 |                             jupyter_core
import time:       191 |        191 |                               platformdirs.api
import time:        70 |         70 |                               platformdirs.version
import time:      1556 |       1556 |                                 configparser
import time:       171 |       1727 |                               platformdirs.unix
import time:       502 |       2489 |                             platformdirs
import time:       266 |        266 |                             jupyter_core.utils
import time:       702 |       3780 |                           jupyter_core.paths
import time:       384 |        384 |                           jupyter_client.localinterfaces
import time:       109 |        109 |                           jupyter_client.utils
import time:       955 |       5227 |                         jupyter_client.connect
import time:       685 |       6309 |                       jupyter_client.client
import time:       516 |      46328 |                     jupyter_client.asynchronous.client
import time:       125 |      46452 |                   jupyter_client.asynchronous
import time:       342 |        342 |                     jupyter_client.blocking.client
import time:       124 |        466 |                   jupyter_client.blocking
import time:       147 |        147 |                   jupyter_client.launcher
import time:       113 |        113 |                     jupyter_client.managerabc
import time:       632 |        632 |                         entrypoints
import time:       387 |        387 |                         jupyter_client.provisioning.provisioner_base
import time:       370 |       1387 |                       jupyter_client.provisioning.factory
import time:       461 |        461 |                       jupyter_client.provisioning.local_provisioner
import time:       117 |       1964 |                     jupyter_client.provisioning
import time:       813 |        813 |                     jupyter_client.kernelspec
import time:      1260 |       4149 |                   jupyter_client.manager
import time:       719 |        719 |                   jupyter_client.multikernelmanager
import time:       280 |      52482 |                 jupyter_client
import time:       195 |      52676 |               ipykernel.connect
import time:       288 |      53293 |             ipykernel
import time:       417 |        417 |               ipykernel.jsonutil
import time:       114 |        114 |                   pwd
import time:      5873 |       5873 |                   psutil._common
import time:       410 |        410 |                   psutil._compat
import time:       602 |        602 |                     psutil._psposix
import time:       688 |        688 |                     psutil._psutil_linux
import time:       231 |        231 |                     psutil._psutil_posix
import time:      3948 |       5468 |                   psutil._pslinux
import time:      1561 |      13424 |                 psutil
import time:       352 |        352 |                   tornado.locks
import time:       422 |        774 |                 tornado.queues
import time:      1595 |      15791 |               ipykernel.kernelbase
import time:       404 |      16611 |             ipykernel.comm.comm
import time:       381 |        381 |             ipykernel.comm.manager
import time:       188 |      70472 |           ipykernel.comm
import time:       166 |        166 |               ipython_genutils._version
import time:       195 |        360 |             ipython_genutils
import time:       105 |        105 |             ipython_genutils.encoding
import time:     10208 |      10672 |           ipython_genutils.py3compat
import time:      1608 |      82752 |         ipywidgets.widgets.widget
import time:       129 |        129 |             ipywidgets.widgets.util
import time:      3250 |       3379 |           ipywidgets.widgets.trait_types
import time:       841 |        841 |           ipywidgets.widgets.widget_layout
import time:       292 |        292 |           ipywidgets.widgets.widget_style
import time:       612 |       5122 |         ipywidgets.widgets.domwidget
import time:       251 |        251 |         ipywidgets.widgets.valuewidget
import time:       237 |        237 |         ipywidgets.widgets.widget_core
import time:       518 |        518 |           ipywidgets.widgets.widget_description
import time:       977 |       1495 |         ipywidgets.widgets.widget_bool
import time:       572 |        572 |         ipywidgets.widgets.widget_button
import time:        90 |         90 |           ipywidgets.widgets.docutils
import time:       903 |        993 |         ipywidgets.widgets.widget_box
import time:      2514 |       2514 |           ipywidgets.widgets.widget_int
import time:      1934 |       4448 |         ipywidgets.widgets.widget_float
import time:       324 |        324 |         ipywidgets.widgets.widget_color
import time:       278 |        278 |         ipywidgets.widgets.widget_date
import time:       497 |        497 |         ipywidgets.widgets.widget_output
import time:      2345 |       2345 |         ipywidgets.widgets.widget_selection
import time:       685 |        685 |         ipywidgets.widgets.widget_selectioncontainer
import time:      1953 |       1953 |         ipywidgets.widgets.widget_string
import time:      1030 |       1030 |         ipywidgets.widgets.widget_controller
import time:       810 |        810 |         ipywidgets.widgets.interaction
import time:       564 |        564 |         ipywidgets.widgets.widget_link
import time:      1051 |       1051 |         ipywidgets.widgets.widget_media
import time:      1125 |       1125 |         ipywidgets.widgets.widget_templates
import time:       709 |        709 |         ipywidgets.widgets.widget_upload
import time:       680 |     107911 |       ipywidgets.widgets
import time:       372 |     529807 |     ipywidgets
import time:       243 |        243 |       ipytree._version
import time:       610 |        610 |       ipytree.tree
import time:       371 |       1223 |     ipytree
import time:       141 |        141 |         traits.version
import time:       157 |        298 |       traits
import time:        98 |         98 |               traits.etsconfig
import time:       292 |        292 |               traits.etsconfig.etsconfig
import time:       167 |        556 |             traits.etsconfig.api
import time:       401 |        956 |           traits.trait_base
import time:       170 |        170 |           traits.trait_errors
import time:       681 |       1806 |         traits.ctraits
import time:      1239 |       3045 |       traits.constants
import time:       214 |        214 |       traits.trait_converters
import time:       574 |        574 |       traits.trait_notifiers
import time:       115 |        115 |           traits.observation
import time:       246 |        360 |         traits.observation.i_observable
import time:       386 |        386 |         traits.trait_dict_object
import time:       487 |        487 |         traits.trait_list_object
import time:       252 |        252 |         traits.trait_set_object
import time:       410 |       1894 |       traits.ctrait
import time:       134 |        134 |       traits.trait_factory
import time:       165 |        165 |           traits.base_trait_handler
import time:       107 |        271 |         traits.trait_handler
import time:       334 |        334 |         traits.trait_type
import time:       312 |        312 |         traits.trait_handlers
import time:       268 |       1184 |       traits.traits
import time:       374 |        374 |         traits.editor_factories
import time:       123 |        123 |               numpy._utils._convertions
import time:       146 |        269 |             numpy._utils
import time:       478 |        746 |           numpy._globals
import time:       140 |        140 |           numpy._expired_attrs_2_0
import time:        83 |         83 |           numpy.version
import time:        70 |         70 |             numpy._distributor_init_local
import time:       103 |        172 |           numpy._distributor_init
import time:       140 |        140 |                     numpy._utils._inspect
import time:      1231 |       1231 |                       numpy.exceptions
import time:       787 |        787 |                       numpy._core._exceptions
import time:       347 |        347 |                       numpy._core.printoptions
import time:       524 |        524 |                       numpy.dtypes
import time:     14444 |      17331 |                     numpy._core._multiarray_umath
import time:      1096 |      18566 |                   numpy._core.overrides
import time:      1286 |      19851 |                 numpy._core.multiarray
import time:       381 |        381 |                 numpy._core.umath
import time:       319 |        319 |                   numpy._core._string_helpers
import time:       497 |        497 |                   numpy._core._type_aliases
import time:       339 |        339 |                   numpy._core._dtype
import time:      1214 |       2368 |                 numpy._core.numerictypes
import time:       337 |        337 |                       numpy._core._methods
import time:      2401 |       2738 |                     numpy._core.fromnumeric
import time:       770 |       3507 |                   numpy._core.shape_base
import time:       291 |        291 |                   numpy._core._ufunc_config
import time:      1113 |       1113 |                   numpy._core.arrayprint
import time:       227 |        227 |                   numpy._core._asarray
import time:      2289 |       7426 |                 numpy._core.numeric
import time:       594 |        594 |                 numpy._core.records
import time:       311 |        311 |                 numpy._core.memmap
import time:       358 |        358 |                 numpy._core.function_base
import time:       256 |        256 |                 numpy._core._machar
import time:       395 |        395 |                 numpy._core.getlimits
import time:       500 |        500 |                 numpy._core.einsumfunc
import time:      1855 |       1855 |                 numpy._core._add_newdocs
import time:       611 |        611 |                 numpy._core._add_newdocs_scalars
import time:       178 |        178 |                 numpy._core._dtype_ctypes
import time:      1396 |       1396 |                 numpy._core._internal
import time:       220 |        220 |                 numpy._pytesttester
import time:      2222 |      38915 |               numpy._core
import time:        97 |      39011 |             numpy._core._multiarray_umath
import time:       603 |      39614 |           numpy.__config__
import time:       149 |        149 |               numpy.lib._array_utils_impl
import time:       405 |        553 |             numpy.lib.array_utils
import time:       150 |        150 |             numpy.lib.introspect
import time:       268 |        268 |             numpy.lib.mixins
import time:       433 |        433 |                   numpy.lib._utils_impl
import time:       772 |       1205 |                 numpy.lib.format
import time:       430 |        430 |                 numpy.lib._datasource
import time:       534 |        534 |                 numpy.lib._iotools
import time:      1364 |       3533 |               numpy.lib._npyio_impl
import time:       164 |       3696 |             numpy.lib.npyio
import time:       281 |        281 |                   numpy.lib._ufunclike_impl
import time:       570 |        850 |                 numpy.lib._type_check_impl
import time:       554 |       1404 |               numpy.lib._scimath_impl
import time:       201 |       1604 |             numpy.lib.scimath
import time:       821 |        821 |               numpy.lib._stride_tricks_impl
import time:       253 |       1074 |             numpy.lib.stride_tricks
import time:       218 |        218 |                     numpy.linalg.linalg
import time:      1098 |       1098 |                       numpy.lib._twodim_base_impl
import time:       811 |        811 |                       numpy.linalg._umath_linalg
import time:       542 |        542 |                         numpy._typing._nested_sequence
import time:       438 |        438 |                         numpy._typing._nbit_base
import time:       145 |        145 |                         numpy._typing._nbit
import time:      2169 |       2169 |                         numpy._typing._char_codes
import time:       203 |        203 |                         numpy._typing._scalars
import time:       227 |        227 |                         numpy._typing._shape
import time:      3659 |       3659 |                         numpy._typing._dtype_like
import time:      2435 |       2435 |                         numpy._typing._array_like
import time:       185 |        185 |                         numpy._typing._ufunc
import time:      2017 |      12016 |                       numpy._typing
import time:      3204 |      17127 |                     numpy.linalg._linalg
import time:       655 |      17999 |                   numpy.linalg
import time:       835 |      18833 |                 numpy.matrixlib.defmatrix
import time:       390 |      19222 |               numpy.matrixlib
import time:       670 |        670 |                 numpy.lib._histograms_impl
import time:      3288 |       3957 |               numpy.lib._function_base_impl
import time:      1141 |      24319 |             numpy.lib._index_tricks_impl
import time:       785 |        785 |             numpy.lib._nanfunctions_impl
import time:       691 |        691 |             numpy.lib._shape_base_impl
import time:      1296 |       1296 |             numpy.lib._arraysetops_impl
import time:      1521 |       1521 |             numpy.lib._polynomial_impl
import time:       246 |        246 |             numpy.lib._arrayterator_impl
import time:       361 |        361 |             numpy.lib._arraypad_impl
import time:       248 |        248 |             numpy.lib._version
import time:      2052 |      38858 |           numpy.lib
import time:       259 |        259 |           numpy._array_api_info
import time:      4891 |      84759 |         numpy
import time:      8992 |      94124 |       traits.trait_types
import time:       167 |        167 |             traits.observation._dict_change_event
import time:       170 |        170 |             traits.observation._list_change_event
import time:       160 |        160 |             traits.observation._set_change_event
import time:       159 |        159 |             traits.observation._trait_change_event
import time:       678 |       1332 |           traits.observation.events
import time:       294 |        294 |           traits.observation.exception_handling
import time:       157 |        157 |           traits.observation.exceptions
import time:       119 |        119 |             traits.observation._anytrait_filter
import time:       192 |        192 |               traits.observation._i_observer
import time:       191 |        191 |               traits.observation._observe
import time:       185 |        185 |               traits.observation._observer_change_notifier
import time:       177 |        177 |               traits.observation._trait_event_notifier
import time:       721 |       1463 |             traits.observation._dict_item_observer
import time:       185 |        185 |               traits.observation._has_traits_helpers
import time:       172 |        172 |               traits.observation._observer_graph
import time:       324 |        324 |               traits.observation._trait_added_observer
import time:       651 |       1331 |             traits.observation._filtered_trait_observer
import time:       197 |        197 |             traits.observation._list_item_observer
import time:       155 |        155 |             traits.observation._metadata_filter
import time:       206 |        206 |             traits.observation._named_trait_observer
import time:       193 |        193 |             traits.observation._set_item_observer
import time:      1236 |       4896 |           traits.observation.expression
import time:       167 |        167 |           traits.observation.observe
import time:       462 |        462 |               regex
import time:      7520 |       7981 |             traits.observation._generated_parser
import time:      2106 |      10087 |           traits.observation.parsing
import time:       960 |      17890 |         traits.observation.api
import time:      3337 |      21227 |       traits.has_traits
import time:       370 |        370 |         traits.adaptation
import time:       447 |        816 |       traits.adaptation.adapter
import time:       161 |        161 |       traits.adaptation.adaptation_error
import time:       759 |        759 |       traits.adaptation.adaptation_manager
import time:       378 |        378 |       traits.trait_numeric
import time:       763 |     125565 |     traits.api
import time:       233 |        233 |           packaging
import time:       177 |        177 |           packaging._structures
import time:      3556 |       3966 |         packaging.version
import time:       423 |        423 |           matplotlib._api.deprecation
import time:       634 |       1056 |         matplotlib._api
import time:       131 |        131 |         matplotlib._version
import time:       596 |        596 |           gzip
import time:      1184 |       1184 |           matplotlib._c_internal_utils
import time:      1536 |       3315 |         matplotlib.cbook
import time:       285 |        285 |         matplotlib._docstring
import time:       965 |        965 |             matplotlib.backends.registry
import time:       222 |       1187 |           matplotlib.backends
import time:       305 |        305 |               PIL._version
import time:       549 |        854 |             PIL
import time:      5694 |       5694 |               PIL.ExifTags
import time:       179 |        179 |                 PIL._deprecate
import time:       871 |       1049 |               PIL.ImageMode
import time:       873 |        873 |               PIL.TiffTags
import time:       149 |        149 |               PIL._binary
import time:       556 |        556 |                 PIL._typing
import time:       145 |        700 |               PIL._util
import time:       169 |        169 |                     xml.parsers
import time:       919 |        919 |                     pyexpat
import time:       187 |       1274 |                   xml.parsers.expat
import time:       380 |       1654 |                 defusedxml.common
import time:       298 |       1951 |               defusedxml
import time:       104 |        104 |                   xml.etree
import time:       924 |        924 |                   xml.etree.ElementPath
import time:       534 |        534 |                   _elementtree
import time:      1354 |       2914 |                 xml.etree.ElementTree
import time:        17 |         17 |                 _elementtree
import time:      1265 |       4195 |               defusedxml.ElementTree
import time:      1895 |       1895 |               PIL._imaging
import time:      7966 |      24467 |             PIL.Image
import time:       203 |        203 |               PIL.ImageChops
import time:      1646 |       1646 |               PIL.ImageFile
import time:       242 |        242 |                 PIL.GimpGradientFile
import time:       148 |        148 |                 PIL.GimpPaletteFile
import time:       430 |        430 |                 PIL.ImageColor
import time:       124 |        124 |                 PIL.PaletteFile
import time:       452 |       1394 |               PIL.ImagePalette
import time:       139 |        139 |               PIL.ImageSequence
import time:      1905 |       5286 |             PIL.PngImagePlugin
import time:       858 |        858 |             matplotlib._cm
import time:      1701 |       1701 |                   matplotlib._path
import time:       801 |        801 |                     matplotlib.bezier
import time:      1242 |       2042 |                   matplotlib.path
import time:      4575 |       8317 |                 matplotlib.transforms
import time:      1966 |      10282 |               matplotlib.ticker
import time:       891 |      11172 |             matplotlib.scale
import time:      1196 |       1196 |             matplotlib._image
import time:      1126 |       1126 |             matplotlib._color_data
import time:      3303 |      48258 |           matplotlib.colors
import time:       641 |        641 |               pyparsing.util
import time:       552 |        552 |                 pyparsing.unicode
import time:      2136 |       2687 |               pyparsing.exceptions
import time:       505 |        505 |                 pyparsing.results
import time:       501 |       1006 |               pyparsing.actions
import time:     14370 |      14370 |               pyparsing.core
import time:      3964 |       3964 |               pyparsing.helpers
import time:       485 |        485 |               pyparsing.testing
import time:      4011 |       4011 |               pyparsing.common
import time:      1060 |      28220 |             pyparsing
import time:       759 |      28978 |           matplotlib._fontconfig_pattern
import time:       756 |        756 |           matplotlib._enums
import time:       862 |        862 |           cycler
import time:      1722 |      81760 |         matplotlib.rcsetup
import time:      2274 |       2274 |         matplotlib.ft2font
import time:       175 |        175 |           kiwisolver.exceptions
import time:       751 |        926 |         kiwisolver._cext
import time:      5698 |       5698 |           numpy.ma.core
import time:      1589 |       1589 |           numpy.ma.extras
import time:       562 |       7848 |         numpy.ma
import time:      3066 |       3066 |             matplotlib.artist
import time:      1483 |       4548 |           matplotlib.colorizer
import time:      2363 |       2363 |           matplotlib._cm_listed
import time:      2391 |       2391 |           matplotlib._cm_multivar
import time:      1184 |       1184 |           matplotlib._cm_bivar
import time:      4860 |      15345 |         matplotlib.cm
import time:     11219 |     128120 |       matplotlib
import time:       458 |        458 |           matplotlib.hatch
import time:       936 |        936 |             matplotlib.markers
import time:      6945 |       7880 |           matplotlib.lines
import time:     22970 |      31307 |         matplotlib.collections
import time:       370 |        370 |               matplotlib._pylab_helpers
import time:      1561 |       1930 |             matplotlib.backend_tools
import time:      1439 |       1439 |                 plistlib
import time:      1208 |       1208 |                   matplotlib._mathtext_data
import time:       761 |       1968 |                 matplotlib._afm
import time:      8198 |      11604 |               matplotlib.font_manager
import time:    186729 |     186729 |               matplotlib.patches
import time:      2609 |       2609 |                 matplotlib._text_helpers
import time:      3021 |       3021 |                 matplotlib.dviread
import time:      4804 |       4804 |                   matplotlib._mathtext
import time:       703 |       5507 |                 matplotlib.mathtext
import time:       849 |        849 |                 matplotlib.texmanager
import time:      2168 |      14151 |               matplotlib.textpath
import time:      7560 |     220042 |             matplotlib.text
import time:       443 |        443 |             matplotlib._tight_bbox
import time:      2067 |       2067 |             matplotlib.widgets
import time:       375 |        375 |             matplotlib.backend_managers
import time:       551 |        551 |                 matplotlib._layoutgrid
import time:       470 |       1020 |               matplotlib._constrained_layout
import time:       221 |        221 |               matplotlib._tight_layout
import time:       247 |       1487 |             matplotlib.layout_engine
import time:      4287 |     230628 |           matplotlib.backend_bases
import time:      4820 |     235448 |         matplotlib.contour
import time:      2566 |       2566 |         matplotlib.spines
import time:      2597 |     271916 |       matplotlib.colorbar
import time:      6842 |       6842 |       matplotlib.image
import time:       768 |        768 |               importlib.abc
import time:       240 |        240 |               importlib._adapters
import time:       406 |       1414 |             importlib._common
import time:       347 |       1760 |           importlib.resources
import time:     11745 |      13505 |         matplotlib.style.core
import time:       691 |      14195 |       matplotlib.style
import time:       445 |        445 |         matplotlib._blocking_input
import time:      9612 |       9612 |               matplotlib.offsetbox
import time:       313 |        313 |                 matplotlib.units
import time:      7226 |       7538 |               matplotlib.axis
import time:       900 |        900 |               matplotlib.gridspec
import time:      3144 |       3144 |               matplotlib.table
import time:      8102 |      29294 |             matplotlib.axes._base
import time:       833 |        833 |               matplotlib.category
import time:      1288 |       1288 |                 dateutil.rrule
import time:      1155 |       2442 |               matplotlib.dates
import time:      1289 |       1289 |               matplotlib.inset
import time:       208 |        208 |                 matplotlib.container
import time:       485 |        485 |                 matplotlib.legend_handler
import time:      2606 |       3298 |               matplotlib.legend
import time:       446 |        446 |               matplotlib.mlab
import time:      4104 |       4104 |               matplotlib.quiver
import time:       230 |        230 |               matplotlib.stackplot
import time:       422 |        422 |               matplotlib.streamplot
import time:       306 |        306 |                 matplotlib.tri._triangulation
import time:      3693 |       3693 |                 matplotlib.tri._tricontour
import time:       288 |        288 |                 matplotlib.tri._trifinder
import time:       164 |        164 |                   matplotlib.tri._tritools
import time:      1274 |       1437 |                 matplotlib.tri._triinterpolate
import time:      1266 |       1266 |                 matplotlib.tri._tripcolor
import time:       160 |        160 |                 matplotlib.tri._triplot
import time:       205 |        205 |                 matplotlib.tri._trirefine
import time:       229 |       7582 |               matplotlib.tri
import time:      2916 |       2916 |               matplotlib.axes._secondary_axes
import time:     17610 |      41168 |             matplotlib.axes._axes
import time:       539 |      71000 |           matplotlib.axes
import time:     10332 |      10332 |           matplotlib.projections.geo
import time:      7414 |       7414 |           matplotlib.projections.polar
import time:       549 |        549 |             mpl_toolkits
import time:       210 |        210 |                 mpl_toolkits.mplot3d.proj3d
import time:     10233 |      10443 |               mpl_toolkits.mplot3d.art3d
import time:      4438 |       4438 |               mpl_toolkits.mplot3d.axis3d
import time:      8752 |      23632 |             mpl_toolkits.mplot3d.axes3d
import time:       434 |      24614 |           mpl_toolkits.mplot3d
import time:       647 |     114006 |         matplotlib.projections
import time:      7946 |     122396 |       matplotlib.figure
import time:      9081 |     552548 |     matplotlib.pyplot
import time:       385 |        385 |         bmcs_utils.i_model
import time:       919 |       1303 |       bmcs_utils.controller
import time:      1107 |       2410 |     bmcs_utils.tree_node
import time:      6312 |    1217863 |   bmcs_utils.app_window
import time:       225 |        225 |       bmcs_utils.item
import time:       418 |        418 |             bmcs_utils.editors.editor_factory
import time:      1509 |       1926 |           bmcs_utils.editors.editors
import time:       452 |        452 |           bmcs_utils.editors.progress_editor
import time:       503 |        503 |           bmcs_utils.editors.history_editor
import time:       244 |        244 |           bmcs_utils.editors.either_type_editor
import time:       157 |        157 |           bmcs_utils.editors.enum_type_editor
import time:       167 |        167 |           bmcs_utils.editors.instance_editor
import time:       248 |        248 |           bmcs_utils.editors.list_editor
import time:       223 |        223 |           bmcs_utils.editors.dict_editor
import time:       231 |       4149 |         bmcs_utils.editors
import time:        17 |       4165 |       bmcs_utils.editors.editors
import time:       480 |       4869 |     bmcs_utils.view
import time:      2537 |       2537 |     bmcs_utils.model_notify_mixin
import time:       327 |        327 |     bmcs_utils.model_tree_node_mixin
import time:       773 |       8505 |   bmcs_utils.model
import time:       384 |        384 |         bmcs_utils.trait_types.trait_types
import time:       136 |        136 |         bmcs_utils.trait_types.either_type2
import time:        85 |         85 |         bmcs_utils.trait_types.enum_type
import time:        93 |         93 |         bmcs_utils.trait_types.instance_type
import time:        88 |         88 |         bmcs_utils.trait_types.weakref_type
import time:        74 |         74 |         bmcs_utils.trait_types.list_type
import time:        67 |         67 |         bmcs_utils.trait_types.dict_type
import time:        97 |         97 |         bmcs_utils.trait_types.selector_type
import time:       155 |       1175 |       bmcs_utils.trait_types
import time:        15 |       1189 |     bmcs_utils.trait_types.list_type
import time:       889 |       2078 |   bmcs_utils.model_list
import time:       405 |        405 |   bmcs_utils.model_dict
import time:       230 |        230 |   bmcs_utils.mpl_utils
import time:       255 |        255 |         mpmath.usertools
import time:      4614 |       4614 |                       gmpy2.gmpy2
import time:       327 |       4941 |                     gmpy2
import time:       354 |       5295 |                   mpmath.libmp.backend
import time:       679 |        679 |                   mpmath.libmp.libintmath
import time:      1769 |       7741 |                 mpmath.libmp.libmpf
import time:       660 |        660 |                   mpmath.libmp.libelefun
import time:       767 |       1427 |                 mpmath.libmp.libmpc
import time:       882 |        882 |                   mpmath.libmp.gammazeta
import time:       454 |       1335 |                 mpmath.libmp.libhyper
import time:       379 |        379 |                 mpmath.libmp.libmpi
import time:       689 |      11569 |               mpmath.libmp
import time:        23 |      11592 |             mpmath.libmp.backend
import time:       443 |        443 |                   cmath
import time:       588 |       1030 |                 mpmath.functions.functions
import time:       244 |        244 |                 mpmath.functions.factorials
import time:       659 |        659 |                 mpmath.functions.hypergeometric
import time:       235 |        235 |                 mpmath.functions.expintegrals
import time:       513 |        513 |                 mpmath.functions.bessel
import time:       215 |        215 |                 mpmath.functions.orthogonal
import time:       221 |        221 |                 mpmath.functions.theta
import time:       335 |        335 |                 mpmath.functions.elliptic
import time:       217 |        217 |                 mpmath.functions.signals
import time:       469 |        469 |                 mpmath.functions.zeta
import time:       407 |        407 |                 mpmath.functions.rszeta
import time:       364 |        364 |                 mpmath.functions.zetazeros
import time:       123 |        123 |                 mpmath.functions.qfunctions
import time:       364 |       5390 |               mpmath.functions
import time:        15 |       5404 |             mpmath.functions.functions
import time:       135 |        135 |                 mpmath.calculus.calculus
import time:       120 |        120 |                 mpmath.calculus.approximation
import time:       190 |        190 |                 mpmath.calculus.differentiation
import time:       436 |        436 |                 mpmath.calculus.extrapolation
import time:       124 |        124 |                 mpmath.calculus.polynomials
import time:       168 |       1170 |               mpmath.calculus
import time:       314 |       1483 |             mpmath.calculus.quadrature
import time:      2653 |       2653 |             mpmath.calculus.inverselaplace
import time:       469 |        469 |             mpmath.calculus.optimization
import time:       171 |        171 |             mpmath.calculus.odes
import time:       290 |        290 |                 mpmath.matrices.eigen
import time:       254 |        254 |                 mpmath.matrices.eigen_symmetric
import time:       146 |        689 |               mpmath.matrices
import time:       339 |       1027 |             mpmath.matrices.matrices
import time:       300 |        300 |             mpmath.matrices.calculus
import time:       231 |        231 |             mpmath.matrices.linalg
import time:       260 |        260 |             mpmath.identification
import time:       281 |        281 |             mpmath.visualization
import time:       681 |      24548 |           mpmath.ctx_base
import time:       306 |        306 |           mpmath.math2
import time:       774 |        774 |           mpmath.function_docs
import time:       761 |      26387 |         mpmath.ctx_fp
import time:       267 |        267 |           mpmath.rational
import time:      2152 |       2152 |           mpmath.ctx_mp_python
import time:      1421 |       3839 |         mpmath.ctx_mp
import time:       836 |        836 |         mpmath.ctx_iv
import time:      3403 |      34719 |       mpmath
import time:       527 |        527 |       sympy.release
import time:       286 |        286 |                     sympy.utilities.enumerative
import time:       321 |        321 |                     sympy.utilities.misc
import time:       228 |        228 |                       sympy.utilities.exceptions
import time:       270 |        498 |                     sympy.utilities.decorator
import time:       929 |       2032 |                   sympy.utilities.iterables
import time:       462 |        462 |                       sympy.external.importtools
import time:       127 |        589 |                     sympy.external
import time:       654 |       1243 |                   sympy.utilities.lambdify
import time:       149 |        149 |                   sympy.utilities.timeutils
import time:       185 |       3608 |                 sympy.utilities
import time:        41 |       3648 |               sympy.utilities.iterables
import time:       288 |       3936 |             sympy.core.random
import time:       183 |        183 |               sympy.core.cache
import time:       163 |        346 |             sympy.core.parameters
import time:       317 |        317 |                   sympy.core.logic
import time:       312 |        628 |                 sympy.core.facts
import time:       421 |        421 |                 sympy.core.assumptions_generated
import time:       348 |       1397 |               sympy.core.assumptions
import time:       149 |        149 |               sympy.core.sorting
import time:        93 |         93 |                           sympy.multipledispatch.utils
import time:       124 |        217 |                         sympy.multipledispatch.conflict
import time:       241 |        458 |                       sympy.multipledispatch.dispatcher
import time:       145 |        602 |                     sympy.multipledispatch.core
import time:       107 |        709 |                   sympy.multipledispatch
import time:        14 |        722 |                 sympy.multipledispatch.dispatcher
import time:       302 |       1024 |               sympy.core.kind
import time:       107 |        107 |               sympy.core._print_helpers
import time:        88 |         88 |                 sympy.core.core
import time:       191 |        278 |               sympy.core.singleton
import time:       164 |        164 |               sympy.core.traversal
import time:      1488 |       4603 |             sympy.core.basic
import time:       487 |       9371 |           sympy.core.sympify
import time:       361 |        361 |                 sympy.external.pythonmpq
import time:       213 |        213 |                 sympy.external.ntheory
import time:       249 |        249 |                 flint
import time:       430 |       1251 |               sympy.external.gmpy
import time:       788 |       2039 |             sympy.core.evalf
import time:       151 |        151 |             sympy.core.decorators
import time:       148 |        148 |             sympy.core.intfunc
import time:       653 |        653 |               sympy.core.operations
import time:       636 |        636 |                 sympy.core.containers
import time:      1056 |       1056 |                     sympy.core.add
import time:       160 |        160 |                     sympy.core.rules
import time:      3000 |       3000 |                           sympy.logic.boolalg
import time:       240 |        240 |                           sympy.logic.inference
import time:       251 |       3490 |                         sympy.logic
import time:        24 |       3513 |                       sympy.logic.boolalg
import time:      1393 |       4906 |                     sympy.core.symbol
import time:      5369 |      11490 |                   sympy.core.function
import time:       180 |        180 |                     sympy.core.coreerrors
import time:      1751 |       1930 |                   sympy.core.relational
import time:      1132 |      14551 |                 sympy.core.power
import time:      5718 |      20904 |               sympy.core.numbers
import time:       900 |      22456 |             sympy.core.mul
import time:       570 |        570 |               sympy.core.exprtools
import time:       380 |        949 |             sympy.core.mod
import time:      3292 |      29033 |           sympy.core.expr
import time:       141 |        141 |           sympy.core.multidimensional
import time:       372 |      38915 |         sympy.core
import time:        33 |      38947 |       sympy.core.cache
import time:       110 |        110 |           sympy.utilities.source
import time:       646 |        755 |         sympy.assumptions.assume
import time:       413 |        413 |           sympy.assumptions.cnf
import time:       200 |        200 |           sympy.assumptions.ask_generated
import time:      2447 |       3059 |         sympy.assumptions.ask
import time:       234 |        234 |         sympy.assumptions.refine
import time:       395 |        395 |           sympy.assumptions.relation.binrel
import time:       138 |        532 |         sympy.assumptions.relation
import time:       200 |       4779 |       sympy.assumptions
import time:       381 |        381 |             sympy.polys.polyerrors
import time:      1952 |       2332 |           sympy.polys.polyoptions
import time:       119 |        119 |                 sympy.polys.domains.domainelement
import time:       277 |        277 |                 sympy.polys.orderings
import time:       210 |        210 |                   sympy.polys.domains.modularinteger
import time:       794 |       1003 |                 sympy.polys.polyutils
import time:       681 |       2079 |               sympy.polys.domains.domain
import time:       170 |        170 |                   sympy.polys.domains.ring
import time:       116 |        285 |                 sympy.polys.domains.field
import time:        82 |         82 |                 sympy.polys.domains.simpledomain
import time:       142 |        142 |                   sympy.polys.polyconfig
import time:       523 |        664 |                 sympy.polys.galoistools
import time:        81 |         81 |                   sympy.polys.domains.pythonrational
import time:       144 |        224 |                 sympy.polys.domains.groundtypes
import time:       321 |       1574 |               sympy.polys.domains.finitefield
import time:       111 |        111 |                 sympy.polys.domains.characteristiczero
import time:       213 |        324 |               sympy.polys.domains.integerring
import time:       187 |        187 |               sympy.polys.domains.rationalfield
import time:       426 |        426 |                     sympy.polys.monomials
import time:       597 |       1023 |                   sympy.polys.densebasic
import time:       385 |        385 |                   sympy.polys.densearith
import time:       369 |        369 |                   sympy.polys.densetools
import time:       456 |        456 |                   sympy.polys.euclidtools
import time:       283 |        283 |                   sympy.polys.sqfreetools
import time:       428 |        428 |                   sympy.polys.factortools
import time:       633 |        633 |                   sympy.polys.rootisolation
import time:      2642 |       6216 |                 sympy.polys.polyclasses
import time:       395 |       6610 |               sympy.polys.domains.algebraicfield
import time:       618 |        618 |               sympy.polys.domains.gaussiandomains
import time:      1357 |       1357 |               sympy.polys.domains.realfield
import time:       831 |        831 |               sympy.polys.domains.complexfield
import time:       126 |        126 |                 sympy.polys.domains.compositedomain
import time:       244 |        370 |               sympy.polys.domains.polynomialring
import time:       159 |        159 |               sympy.polys.domains.fractionfield
import time:       301 |        301 |               sympy.polys.domains.expressiondomain
import time:       131 |        131 |               sympy.polys.domains.expressionrawdomain
import time:       146 |        146 |                 sympy.polys.domains.pythonintegerring
import time:       105 |        251 |               sympy.polys.domains.pythonfinitefield
import time:       231 |        231 |                 sympy.polys.domains.gmpyintegerring
import time:       104 |        335 |               sympy.polys.domains.gmpyfinitefield
import time:       123 |        123 |               sympy.polys.domains.pythonrationalfield
import time:       135 |        135 |               sympy.polys.domains.gmpyrationalfield
import time:       343 |      15719 |             sympy.polys.domains
import time:       297 |      16016 |           sympy.polys.constructor
import time:       147 |        147 |           sympy.polys.fglmtools
import time:       342 |        342 |           sympy.polys.groebnertools
import time:       129 |        129 |           sympy.polys.rationaltools
import time:      2413 |      21376 |         sympy.polys.polytools
import time:       146 |        146 |                 sympy.ntheory.primetest
import time:       484 |        629 |               sympy.ntheory.generate
import time:       107 |        107 |                 sympy.ntheory.digits
import time:       151 |        151 |                 sympy.ntheory.ecm
import time:       920 |       1176 |               sympy.ntheory.factor_
import time:       134 |        134 |                   sympy.ntheory.modular
import time:       101 |        101 |                   sympy.utilities.memoization
import time:       544 |        778 |                 sympy.ntheory.residue_ntheory
import time:       219 |        997 |               sympy.ntheory.partitions_
import time:        80 |         80 |               sympy.ntheory.multinomial
import time:       145 |        145 |               sympy.ntheory.continued_fraction
import time:       119 |        119 |               sympy.ntheory.egyptian_fraction
import time:       228 |        228 |               sympy.ntheory.qs
import time:       270 |       3641 |             sympy.ntheory
import time:      1175 |       1175 |               sympy.polys.compatibility
import time:       119 |        119 |               sympy.polys.heuristicgcd
import time:       476 |        476 |                       sympy.printing.conventions
import time:       170 |        170 |                       sympy.printing.precedence
import time:       261 |        261 |                       sympy.printing.printer
import time:       926 |        926 |                       sympy.printing.str
import time:       145 |        145 |                           sympy.core.alphabets
import time:      1730 |       1874 |                         sympy.printing.pretty.pretty_symbology
import time:       437 |       2311 |                       sympy.printing.pretty.stringpict
import time:      2002 |       6143 |                     sympy.printing.pretty.pretty
import time:       261 |       6403 |                   sympy.printing.pretty
import time:      5993 |       5993 |                   sympy.printing.latex
import time:      1395 |       1395 |                   sympy.printing.mathml
import time:       519 |        519 |                     sympy.printing.repr
import time:       240 |        759 |                   sympy.printing.python
import time:       221 |        221 |                               sympy.functions.combinatorial
import time:      1841 |       2061 |                             sympy.functions.combinatorial.factorials
import time:       126 |        126 |                                 sympy.functions.elementary
import time:      1366 |       1366 |                                   sympy.functions.elementary.miscellaneous
import time:       890 |        890 |                                   sympy.functions.elementary.piecewise
import time:      1887 |       4143 |                                 sympy.functions.elementary.complexes
import time:      1679 |       5947 |                               sympy.functions.elementary.exponential
import time:       212 |        212 |                               sympy.polys.appellseqs
import time:      4387 |      10545 |                             sympy.functions.combinatorial.numbers
import time:      1108 |       1108 |                               sympy.functions.elementary.integers
import time:       247 |        247 |                               sympy.functions.elementary._trigonometric_special
import time:      2776 |       4131 |                             sympy.functions.elementary.trigonometric
import time:      2185 |       2185 |                             sympy.functions.elementary.hyperbolic
import time:       155 |        155 |                               sympy.functions.special
import time:      5012 |       5012 |                               sympy.functions.special.hyper
import time:      2920 |       8085 |                             sympy.functions.special.error_functions
import time:      1207 |       1207 |                               sympy.functions.special.zeta_functions
import time:      1400 |       2606 |                             sympy.functions.special.gamma_functions
import time:       535 |        535 |                             sympy.functions.special.tensor_functions
import time:       505 |        505 |                                   sympy.polys.polyquinticconst
import time:       536 |       1041 |                                 sympy.polys.polyroots
import time:       645 |       1685 |                               sympy.functions.special.delta_functions
import time:       279 |       1964 |                             sympy.functions.special.singularity_functions
import time:      2029 |       2029 |                                   sympy.sets.sets
import time:      1510 |       1510 |                                   sympy.sets.fancysets
import time:       226 |        226 |                                   sympy.sets.contains
import time:       302 |        302 |                                   sympy.sets.conditionset
import time:       413 |        413 |                                   sympy.sets.ordinals
import time:       195 |        195 |                                   sympy.sets.powerset
import time:        96 |         96 |                                     sympy.sets.handlers
import time:      1530 |       1625 |                                   sympy.sets.handlers.comparison
import time:       469 |       6766 |                                 sympy.sets
import time:        25 |       6790 |                               sympy.sets.sets
import time:       275 |       7065 |                             sympy.functions.special.bsplines
import time:       264 |        264 |                               sympy.polys.orthopolys
import time:      2816 |       3080 |                             sympy.functions.special.bessel
import time:      1551 |       1551 |                             sympy.functions.special.polynomials
import time:       481 |        481 |                             sympy.functions.special.spherical_harmonics
import time:       917 |        917 |                             sympy.functions.special.elliptic_integrals
import time:       613 |        613 |                             sympy.functions.special.beta_functions
import time:       831 |        831 |                             sympy.functions.special.mathieu_functions
import time:       780 |      47422 |                           sympy.functions
import time:        48 |      47469 |                         sympy.functions.elementary
import time:        43 |      47511 |                       sympy.functions.elementary.complexes
import time:       896 |      48407 |                     sympy.printing.codeprinter
import time:      1340 |      49746 |                   sympy.printing.pycode
import time:       800 |        800 |                     sympy.assumptions.relation.equality
import time:      1348 |       2148 |                   sympy.printing.smtlib
import time:       604 |        604 |                   sympy.printing.glsl
import time:       659 |        659 |                   sympy.printing.rcode
import time:       260 |        260 |                   sympy.printing.jscode
import time:       525 |        525 |                   sympy.printing.julia
import time:       821 |        821 |                   sympy.printing.mathematica
import time:       494 |        494 |                   sympy.printing.octave
import time:       295 |        295 |                     sympy.utilities.mathml
import time:       170 |        464 |                   sympy.printing.gtk
import time:       490 |        490 |                   sympy.printing.preview
import time:       111 |        111 |                   sympy.printing.tree
import time:       264 |        264 |                   sympy.printing.tableform
import time:       241 |        241 |                   sympy.printing.dot
import time:       712 |        712 |                   sympy.printing.maple
import time:       468 |      72550 |                 sympy.printing
import time:       334 |      72884 |               sympy.printing.defaults
import time:       114 |        114 |               sympy.utilities.magic
import time:      1463 |      75753 |             sympy.polys.rings
import time:       348 |      79741 |           sympy.polys.specialpolys
import time:       350 |      80091 |         sympy.polys.polyfuncs
import time:      3285 |       3285 |               sympy.polys.puiseux
import time:       690 |       3974 |             sympy.polys.ring_series
import time:      2145 |       2145 |             sympy.polys.rootoftools
import time:       800 |       6919 |           sympy.polys.numberfields.minpoly
import time:       397 |        397 |           sympy.polys.numberfields.subfield
import time:       230 |        230 |                   sympy.polys.matrices.exceptions
import time:       311 |        311 |                   sympy.polys.matrices.domainscalar
import time:       204 |        204 |                       sympy.polys.matrices._typing
import time:       212 |        416 |                     sympy.polys.matrices.dense
import time:       190 |        190 |                     sympy.polys.matrices.lll
import time:       614 |        614 |                     sympy.polys.matrices.sdm
import time:       100 |        100 |                     sympy.polys.matrices.dfm
import time:       492 |       1809 |                   sympy.polys.matrices.ddm
import time:       180 |        180 |                   sympy.polys.matrices.rref
import time:      1336 |       3864 |                 sympy.polys.matrices.domainmatrix
import time:       144 |       4008 |               sympy.polys.matrices
import time:        25 |       4032 |             sympy.polys.matrices.exceptions
import time:       781 |        781 |               sympy.printing.numpy
import time:       325 |       1106 |             sympy.printing.lambdarepr
import time:       327 |       5464 |           sympy.polys.numberfields.utilities
import time:       222 |        222 |               sympy.polys.matrices.normalforms
import time:       118 |        118 |               sympy.polys.numberfields.exceptions
import time:       896 |       1235 |             sympy.polys.numberfields.modules
import time:       199 |       1434 |           sympy.polys.numberfields.basis
import time:       329 |        329 |           sympy.polys.numberfields.primes
import time:       372 |        372 |             sympy.polys.numberfields.galois_resolvents
import time:       366 |        738 |           sympy.polys.numberfields.galoisgroups
import time:       235 |      15512 |         sympy.polys.numberfields
import time:       229 |        229 |             sympy.matrices.exceptions
import time:       298 |        298 |             sympy.matrices.kind
import time:       172 |        172 |                 sympy.matrices.utilities
import time:       315 |        315 |                 sympy.matrices.determinant
import time:       299 |        785 |               sympy.matrices.decompositions
import time:      1013 |       1013 |                     sympy.tensor.indexed
import time:       188 |        188 |                     sympy.tensor.index_methods
import time:       255 |        255 |                     sympy.tensor.functions
import time:       539 |        539 |                           sympy.tensor.array.ndim_array
import time:       124 |        662 |                         sympy.tensor.array.mutable_ndim_array
import time:       511 |       1173 |                       sympy.tensor.array.dense_ndim_array
import time:       319 |        319 |                       sympy.tensor.array.sparse_ndim_array
import time:       254 |        254 |                       sympy.tensor.array.arrayop
import time:       371 |        371 |                       sympy.tensor.array.array_comprehension
import time:       171 |       2285 |                     sympy.tensor.array
import time:       202 |       3941 |                   sympy.tensor
import time:        91 |       4031 |                 sympy.tensor.array
import time:       248 |        248 |                 sympy.matrices.reductions
import time:       315 |        315 |                               sympy.polys.agca.ideals
import time:       642 |        957 |                             sympy.polys.agca.modules
import time:       462 |       1419 |                           sympy.polys.agca.homomorphisms
import time:       136 |       1554 |                         sympy.polys.agca
import time:       328 |       1881 |                       sympy.polys.agca.extensions
import time:       367 |       2248 |                     sympy.polys.matrices.eigen
import time:       912 |       3159 |                   sympy.matrices.eigen
import time:       318 |       3477 |                 sympy.matrices.solvers
import time:       258 |        258 |                 sympy.matrices.inverse
import time:       115 |        115 |                 sympy.matrices.subspaces
import time:       113 |        113 |                 sympy.matrices.graph
import time:      3752 |      11990 |               sympy.matrices.matrixbase
import time:       459 |        459 |               sympy.matrices.repmatrix
import time:       658 |      13891 |             sympy.matrices.dense
import time:       238 |        238 |             sympy.matrices.sparse
import time:       120 |        120 |             sympy.matrices.sparsetools
import time:       130 |        130 |                           sympy.strategies.util
import time:       367 |        497 |                         sympy.strategies.rl
import time:       316 |        316 |                           sympy.strategies.core
import time:       156 |        471 |                         sympy.strategies.traverse
import time:       115 |        115 |                         sympy.strategies.tools
import time:       374 |        374 |                             sympy.strategies.branch.core
import time:       207 |        581 |                           sympy.strategies.branch.traverse
import time:        98 |         98 |                           sympy.strategies.branch.tools
import time:       183 |        861 |                         sympy.strategies.branch
import time:       340 |       2282 |                       sympy.strategies
import time:       445 |        445 |                       sympy.matrices.expressions._shape
import time:      1161 |       1161 |                           sympy.matrices.expressions.special
import time:       502 |       1663 |                         sympy.matrices.expressions.matpow
import time:       325 |       1987 |                       sympy.matrices.expressions.inverse
import time:       271 |        271 |                       sympy.matrices.expressions.transpose
import time:       423 |        423 |                       sympy.matrices.expressions.permutation
import time:       974 |       6380 |                     sympy.matrices.expressions.matmul
import time:       648 |        648 |                     sympy.matrices.expressions.matadd
import time:       358 |        358 |                     sympy.matrices.expressions.determinant
import time:      3782 |      11167 |                   sympy.matrices.expressions.matexpr
import time:       848 |      12014 |                 sympy.matrices.expressions.slice
import time:       254 |        254 |                   sympy.matrices.expressions.trace
import time:       771 |       1025 |                 sympy.matrices.expressions.blockmatrix
import time:       259 |        259 |                 sympy.matrices.expressions.companion
import time:       235 |        235 |                 sympy.matrices.expressions.funcmatrix
import time:       206 |        206 |                 sympy.matrices.expressions.adjoint
import time:       616 |        616 |                 sympy.matrices.expressions.hadamard
import time:       451 |        451 |                 sympy.matrices.expressions.diagonal
import time:       171 |        171 |                 sympy.matrices.expressions.dotproduct
import time:       369 |        369 |                 sympy.matrices.expressions.kronecker
import time:       265 |        265 |                 sympy.matrices.expressions.sets
import time:      1671 |      17276 |               sympy.matrices.expressions
import time:    258919 |     276195 |             sympy.matrices.immutable
import time:       328 |     291296 |           sympy.matrices
import time:       319 |     291614 |         sympy.polys.partfrac
import time:       762 |        762 |         sympy.polys.fields
import time:       650 |     410002 |       sympy.polys
import time:       559 |        559 |         sympy.series.order
import time:       190 |        190 |               sympy.calculus.euler
import time:       202 |        202 |               sympy.calculus.singularities
import time:       186 |        186 |               sympy.calculus.finite_diff
import time:       720 |        720 |                 sympy.calculus.accumulationbounds
import time:       365 |       1084 |               sympy.calculus.util
import time:       190 |       1849 |             sympy.calculus
import time:        25 |       1874 |           sympy.calculus.accumulationbounds
import time:       537 |        537 |           sympy.series.gruntz
import time:       684 |       3095 |         sympy.series.limits
import time:       104 |        104 |         sympy.series.series
import time:       137 |        137 |         sympy.series.approximants
import time:        90 |         90 |         sympy.series.residues
import time:      1474 |       1474 |         sympy.series.sequences
import time:       251 |        251 |           sympy.series.series_class
import time:       620 |        871 |         sympy.series.fourier
import time:       264 |        264 |               sympy.discrete.transforms
import time:       145 |        145 |               sympy.discrete.convolutions
import time:       185 |        592 |             sympy.discrete
import time:        24 |        616 |           sympy.discrete.convolutions
import time:      1864 |       2480 |         sympy.series.formal
import time:       263 |        263 |         sympy.series.limitseq
import time:       354 |       9423 |       sympy.series
import time:       651 |        651 |             sympy.concrete.expr_with_limits
import time:       251 |        901 |           sympy.concrete.expr_with_intlimits
import time:       134 |        134 |             sympy.concrete.gosper
import time:       310 |        310 |                   sympy.integrals.rationaltools
import time:       135 |        135 |                   sympy.integrals.deltafunctions
import time:       934 |        934 |                   sympy.integrals.meijerint
import time:       168 |        168 |                   sympy.integrals.trigonometry
import time:       673 |       2217 |                 sympy.integrals.integrals
import time:        99 |         99 |                         sympy.polys.domainmatrix
import time:       349 |        448 |                       sympy.polys.solvers
import time:       362 |        809 |                     sympy.polys.matrices.linsolve
import time:      1126 |       1935 |                   sympy.integrals.laplace
import time:      2039 |       3974 |                 sympy.integrals.transforms
import time:       107 |        107 |                 sympy.integrals.singularityfunctions
import time:       154 |       6450 |               sympy.integrals
import time:        20 |       6469 |             sympy.integrals.integrals
import time:       736 |       7338 |           sympy.concrete.summations
import time:       457 |       8695 |         sympy.concrete.products
import time:       140 |       8834 |       sympy.concrete
import time:       352 |        352 |             sympy.simplify.gammasimp
import time:       141 |        492 |           sympy.simplify.combsimp
import time:       109 |        109 |           sympy.simplify.cse_opts
import time:       359 |        359 |             sympy.simplify.powsimp
import time:      3675 |       4034 |           sympy.simplify.hyperexpand
import time:       283 |        283 |             sympy.simplify.sqrtdenest
import time:       578 |        860 |           sympy.simplify.radsimp
import time:       513 |        513 |             sympy.simplify.cse_main
import time:       137 |        137 |             sympy.strategies.tree
import time:       604 |       1253 |           sympy.simplify.trigsimp
import time:       919 |       7665 |         sympy.simplify.simplify
import time:      1052 |       1052 |         sympy.simplify.fu
import time:       234 |        234 |         sympy.simplify.epathtools
import time:       283 |        283 |         sympy.simplify.ratsimp
import time:       238 |       9469 |       sympy.simplify
import time:       549 |        549 |           sympy.solvers.polysys
import time:       255 |        255 |           sympy.solvers.bivariate
import time:      1988 |       2790 |         sympy.solvers.solvers
import time:      1479 |       1479 |               sympy.solvers.solveset
import time:      2196 |       3675 |             sympy.solvers.diophantine.diophantine
import time:       135 |       3809 |           sympy.solvers.diophantine
import time:        21 |       3830 |         sympy.solvers.diophantine.diophantine
import time:       352 |        352 |         sympy.solvers.recurr
import time:       191 |        191 |             sympy.solvers.deutils
import time:       352 |        352 |               sympy.solvers.ode.riccati
import time:       221 |        221 |               sympy.solvers.ode.hypergeometric
import time:       179 |        179 |                 sympy.solvers.ode.subscheck
import time:       197 |        376 |               sympy.solvers.ode.nonhomogeneous
import time:       502 |        502 |                 sympy.solvers.pde
import time:       384 |        886 |               sympy.solvers.ode.lie_group
import time:      1582 |       3414 |             sympy.solvers.ode.single
import time:      1277 |       4880 |           sympy.solvers.ode.ode
import time:       621 |        621 |           sympy.solvers.ode.systems
import time:       165 |       5665 |         sympy.solvers.ode
import time:       495 |        495 |         sympy.solvers.inequalities
import time:       112 |        112 |         sympy.solvers.decompogen
import time:       296 |        296 |         sympy.solvers.simplex
import time:       329 |      13866 |       sympy.solvers
import time:        93 |         93 |           sympy.geometry.exceptions
import time:      4290 |       4290 |             sympy.sets.handlers.intersection
import time:      1666 |       1666 |             sympy.sets.handlers.union
import time:      1388 |       7343 |           sympy.geometry.entity
import time:       663 |       8098 |         sympy.geometry.point
import time:       268 |        268 |           sympy.geometry.util
import time:      1685 |       1952 |         sympy.geometry.line
import time:       391 |        391 |         sympy.geometry.plane
import time:      1052 |       1052 |           sympy.geometry.polygon
import time:       645 |       1697 |         sympy.geometry.ellipse
import time:       228 |        228 |         sympy.geometry.curve
import time:       220 |        220 |         sympy.geometry.parabola
import time:       199 |      12780 |       sympy.geometry
import time:      2110 |       2110 |         sympy.parsing.sympy_parser
import time:       117 |       2227 |       sympy.parsing
import time:       494 |        494 |         sympy.algebras.quaternion
import time:       126 |        620 |       sympy.algebras
import time:       134 |        134 |             sympy.plotting.backends
import time:       241 |        241 |               sympy.plotting.utils
import time:       130 |        130 |                   sympy.plotting.intervalmath.interval_membership
import time:       236 |        365 |                 sympy.plotting.intervalmath.interval_arithmetic
import time:       386 |        386 |                 sympy.plotting.intervalmath.lib_interval
import time:       132 |        882 |               sympy.plotting.intervalmath
import time:      1549 |       2671 |             sympy.plotting.series
import time:       323 |       3127 |           sympy.plotting.backends.base_backend
import time:       599 |        599 |             sympy.plotting.backends.matplotlibbackend.matplotlib
import time:       138 |        736 |           sympy.plotting.backends.matplotlibbackend
import time:       161 |        161 |               sympy.plotting.textplot
import time:       177 |        337 |             sympy.plotting.backends.textbackend.text
import time:       106 |        443 |           sympy.plotting.backends.textbackend
import time:       137 |        137 |           sympy.plotting.plotgrid
import time:       433 |       4873 |         sympy.plotting.plot
import time:       137 |        137 |         sympy.plotting.plot_implicit
import time:        84 |         84 |         sympy.plotting.pygletplot
import time:       158 |       5250 |       sympy.plotting
import time:       446 |        446 |         sympy.interactive.printing
import time:       287 |        287 |         sympy.interactive.session
import time:       147 |        147 |         sympy.interactive.traversal
import time:       114 |        992 |       sympy.interactive
import time:      3890 |     556318 |     sympy
import time:      1427 |     557744 |   bmcs_utils.symb_expr
import time:       140 |        140 |     bmcs_utils.misc
import time:       152 |        292 |   bmcs_utils.misc.plot_tools
import time:       535 |        535 |   bmcs_utils.parametric_study
import time:        95 |         95 |         traits.util
import time:       109 |        203 |       traits.util.home_directory
import time:       405 |        607 |     bmcs_utils.data_cache.data_cache
import time:       107 |        714 |   bmcs_utils.data_cache
import time:        92 |         92 |     bmcs_utils.k3d_utils
import time:       611 |        611 |       k3d._version
import time:        98 |         98 |       k3d.colormaps
import time:       664 |        664 |       k3d.colormaps.paraview_color_maps
import time:       101 |        101 |       k3d.colormaps.basic_color_maps
import time:      5392 |       5392 |       k3d.colormaps.matplotlib_color_maps
import time:     20838 |      20838 |           vtkmodules.vtkCommonCore
import time:     44786 |      44786 |           vtkmodules.vtkWebCore
import time:      2881 |       2881 |           vtkmodules.vtkCommonMath
import time:      1778 |       1778 |           vtkmodules.vtkCommonTransforms
import time:     12046 |      12046 |           vtkmodules.vtkCommonDataModel
import time:      2586 |       2586 |           vtkmodules.vtkCommonExecutionModel
import time:      1076 |       1076 |           vtkmodules.vtkIOCore
import time:      2378 |       2378 |           vtkmodules.vtkImagingCore
import time:      3069 |       3069 |           vtkmodules.vtkIOImage
import time:       820 |        820 |           vtkmodules.vtkIOXMLParser
import time:      1654 |       1654 |           vtkmodules.vtkIOXML
import time:       856 |        856 |           vtkmodules.vtkCommonMisc
import time:      4935 |       4935 |           vtkmodules.vtkFiltersCore
import time:      7360 |       7360 |           vtkmodules.vtkRenderingCore
import time:      2143 |       2143 |           vtkmodules.vtkRenderingContext2D
import time:       897 |        897 |           vtkmodules.vtkRenderingFreeType
import time:       648 |        648 |           vtkmodules.vtkRenderingSceneGraph
import time:       752 |        752 |           vtkmodules.vtkRenderingVtkJS
import time:      2533 |       2533 |           vtkmodules.vtkIOExport
import time:      1568 |       1568 |           vtkmodules.vtkWebGLExporter
import time:      2495 |       2495 |           vtkmodules.vtkInteractionStyle
import time:      8628 |       8628 |           vtkmodules.vtkFiltersGeneral
import time:      2500 |       2500 |           vtkmodules.vtkFiltersSources
import time:     15489 |      15489 |           vtkmodules.vtkInteractionWidgets
import time:      1543 |       1543 |           vtkmodules.vtkViewsCore
import time:     10777 |      10777 |           vtkmodules.vtkViewsInfovis
import time:       726 |        726 |           vtkmodules.vtkCommonColor
import time:       918 |        918 |           vtkmodules.vtkViewsContext2D
import time:       905 |        905 |           vtkmodules.vtkTestingRendering
import time:      1132 |       1132 |           vtkmodules.vtkRenderingLabel
import time:      9931 |       9931 |           vtkmodules.vtkRenderingQt
import time:      1683 |       1683 |           vtkmodules.vtkPythonContext2D
import time:      1822 |       1822 |           vtkmodules.vtkImagingMath
import time:      1017 |       1017 |           vtkmodules.vtkRenderingHyperTreeGrid
import time:       768 |        768 |           vtkmodules.vtkRenderingUI
import time:      8825 |       8825 |           vtkmodules.vtkRenderingOpenGL2
import time:      3157 |       3157 |           vtkmodules.vtkRenderingVolume
import time:      2612 |       2612 |           vtkmodules.vtkRenderingVolumeOpenGL2
import time:      1105 |       1105 |           vtkmodules.vtkRenderingMatplotlib
import time:       729 |        729 |           vtkmodules.vtkRenderingLOD
import time:      1818 |       1818 |           vtkmodules.vtkRenderingLICOpenGL2
import time:      1374 |       1374 |           vtkmodules.vtkRenderingImage
import time:      1516 |       1516 |           vtkmodules.vtkRenderingContextOpenGL2
import time:      1512 |       1512 |           vtkmodules.vtkIOLegacy
import time:      8470 |       8470 |           vtkmodules.vtkIOXdmf2
import time:      1388 |       1388 |           vtkmodules.vtkIOVeraOut
import time:       721 |        721 |           vtkmodules.vtkIOTecplotTable
import time:       619 |        619 |           vtkmodules.vtkIOSegY
import time:      2906 |       2906 |           vtkmodules.vtkIOXdmf3
import time:      1268 |       1268 |           vtkmodules.vtkIOParallelXML
import time:      1048 |       1048 |           vtkmodules.vtkIOPLY
import time:       506 |        506 |           vtkmodules.vtkIOMovie
import time:       937 |        937 |           vtkmodules.vtkIOOggTheora
import time:      3400 |       3400 |           vtkmodules.vtkIONetCDF
import time:      1144 |       1144 |           vtkmodules.vtkIOMotionFX
import time:      1872 |       1872 |           vtkmodules.vtkIOGeometry
import time:      4522 |       4522 |           vtkmodules.vtkIOParallel
import time:      2536 |       2536 |           vtkmodules.vtkIOMINC
import time:      1540 |       1540 |           vtkmodules.vtkIOLSDyna
import time:      3123 |       3123 |           vtkmodules.vtkIOInfovis
import time:      1954 |       1954 |           vtkmodules.vtkIOImport
import time:      1831 |       1831 |           vtkmodules.vtkParallelCore
import time:      4200 |       4200 |           vtkmodules.vtkIOIOSS
import time:       843 |        843 |           vtkmodules.vtkIOVideo
import time:     11462 |      11462 |           vtkmodules.vtkIOFFMPEG
import time:      2290 |       2290 |           vtkmodules.vtkIOExportPDF
import time:       917 |        917 |           vtkmodules.vtkRenderingGL2PSOpenGL2
import time:      1504 |       1504 |           vtkmodules.vtkIOExportGL2PS
import time:      5032 |       5032 |           vtkmodules.vtkIOExodus
import time:      1840 |       1840 |           vtkmodules.vtkIOEnSight
import time:      1031 |       1031 |           vtkmodules.vtkIOCityGML
import time:      1215 |       1215 |           vtkmodules.vtkIOChemistry
import time:      4106 |       4106 |           vtkmodules.vtkIOCesium3DTiles
import time:      1396 |       1396 |           vtkmodules.vtkIOCONVERGECFD
import time:      1103 |       1103 |           vtkmodules.vtkIOHDF
import time:      1534 |       1534 |           vtkmodules.vtkIOCGNSReader
import time:      1000 |       1000 |           vtkmodules.vtkIOAsynchronous
import time:      1864 |       1864 |           vtkmodules.vtkIOAMR
import time:      2294 |       2294 |           vtkmodules.vtkInteractionImage
import time:      1530 |       1530 |           vtkmodules.vtkImagingStencil
import time:      1203 |       1203 |           vtkmodules.vtkImagingStatistics
import time:      1551 |       1551 |           vtkmodules.vtkImagingGeneral
import time:      1888 |       1888 |           vtkmodules.vtkImagingMorphological
import time:      1216 |       1216 |           vtkmodules.vtkImagingFourier
import time:      2090 |       2090 |           vtkmodules.vtkIOSQL
import time:      1156 |       1156 |           vtkmodules.vtkImagingSources
import time:      3187 |       3187 |           vtkmodules.vtkInfovisCore
import time:      2179 |       2179 |           vtkmodules.vtkGeovisCore
import time:      2256 |       2256 |           vtkmodules.vtkInfovisLayout
import time:     12106 |      12106 |           vtkmodules.vtkRenderingAnnotation
import time:      1331 |       1331 |           vtkmodules.vtkImagingHybrid
import time:    297365 |     297365 |           vtkmodules.vtkImagingColor
import time:      1973 |       1973 |           vtkmodules.vtkFiltersTopology
import time:      1127 |       1127 |           vtkmodules.vtkFiltersSelection
import time:       990 |        990 |           vtkmodules.vtkFiltersSMP
import time:       575 |        575 |           vtkmodules.vtkFiltersPython
import time:       715 |        715 |           vtkmodules.vtkFiltersProgrammable
import time:      2541 |       2541 |           vtkmodules.vtkFiltersModeling
import time:      3192 |       3192 |           vtkmodules.vtkFiltersPoints
import time:      2050 |       2050 |           vtkmodules.vtkFiltersVerdict
import time:      2027 |       2027 |           vtkmodules.vtkFiltersStatistics
import time:      1090 |       1090 |           vtkmodules.vtkFiltersImaging
import time:      2564 |       2564 |           vtkmodules.vtkFiltersExtraction
import time:      2108 |       2108 |           vtkmodules.vtkFiltersGeometry
import time:      2949 |       2949 |           vtkmodules.vtkFiltersHybrid
import time:      1050 |       1050 |           vtkmodules.vtkFiltersTexture
import time:      3570 |       3570 |           vtkmodules.vtkFiltersParallel
import time:      1541 |       1541 |           vtkmodules.vtkFiltersParallelImaging
import time:       610 |        610 |           vtkmodules.vtkCommonSystem
import time:      2329 |       2329 |           vtkmodules.vtkFiltersParallelDIY2
import time:      1457 |       1457 |           vtkmodules.vtkFiltersGeneric
import time:      1464 |       1464 |           vtkmodules.vtkCommonComputationalGeometry
import time:      2993 |       2993 |           vtkmodules.vtkFiltersFlowPaths
import time:       915 |        915 |           vtkmodules.vtkFiltersAMR
import time:      1413 |       1413 |           vtkmodules.vtkDomainsChemistry
import time:      1312 |       1312 |           vtkmodules.vtkDomainsChemistryOpenGL2
import time:       959 |        959 |           vtkmodules.vtkFiltersHyperTree
import time:       381 |        381 |           vtkmodules.vtkCommonPython
import time:      3440 |       3440 |           vtkmodules.vtkChartsCore
import time:       606 |        606 |             vtkmodules.util
import time:       611 |       1217 |           vtkmodules.util.vtkConstants
import time:       253 |        253 |           vtkmodules.util.misc
import time:       252 |        252 |           vtkmodules.util.vtkVariant
import time:      8749 |     668807 |         vtk
import time:       108 |        108 |         vtk.util
import time:       145 |        145 |           vtk.util.vtkConstants
import time:       390 |        534 |         vtk.util.numpy_support
import time:       295 |        295 |         k3d.helpers
import time:       595 |        595 |             traittypes.traittypes
import time:       110 |        110 |             traittypes._version
import time:       226 |        929 |           traittypes
import time:        89 |         89 |             k3d.validation
import time:      1085 |       1174 |           k3d.validation.stl
import time:      7422 |       9524 |         k3d.objects
import time:      1345 |       1345 |         k3d.plot
import time:       420 |        420 |         k3d.transform
import time:       879 |     681909 |       k3d.factory
import time:       439 |        439 |       k3d.transfer_function_editor
import time:       833 |     690044 |     k3d
import time:       373 |     690508 |   bmcs_utils.k3d_utils.extrusion_for_3d_curve
import time:       202 |        202 |   bmcs_utils.k3d_utils.k3d_utils
import time:      4679 |       4679 |                 sympy.codegen.ast
import time:       240 |       4919 |               sympy.codegen
import time:        27 |       4945 |             sympy.codegen.ast
import time:      1518 |       6462 |           sympy.printing.c
import time:      3129 |       3129 |             sympy.codegen.fnodes
import time:      1157 |       4285 |           sympy.printing.fortran
import time:      1260 |       1260 |           sympy.printing.rust
import time:      1610 |      13615 |         sympy.utilities.codegen
import time:       579 |      14194 |       bmcs_utils.symbol.cymbol
import time:       153 |      14346 |     bmcs_utils.symbol
import time:        33 |      14379 |   bmcs_utils.symbol.cymbol
import time:       393 |    2494206 | bmcs_utils.api
